Database, Schema, TableName/ViewName, ColumnName, DataType
DEMO_DB,PUBLIC,TEST1,ID,NUMBER(38,0)
DEMO_DB,PUBLIC,TEST1,NAME,VARCHAR(16777216)
SNOWFLAKE_SAMPLE_DATA,TPCDS_SF100TCL,CALL_CENTER,CC_CALL_CENTER_SK,NUMBER(38,0)
SNOWFLAKE_SAMPLE_DATA,TPCDS_SF100TCL,CALL_CENTER,CC_CALL_CENTER_ID,VARCHAR(16)
SNOWFLAKE_SAMPLE_DATA,TPCDS_SF100TCL,CALL_CENTER,CC_REC_START_DATE,DATE
SNOWFLAKE_SAMPLE_DATA,TPCDS_SF100TCL,CALL_CENTER,CC_REC_END_DATE,DATE
SNOWFLAKE_SAMPLE_DATA,TPCDS_SF100TCL,CALL_CENTER,CC_CLOSED_DATE_SK,NUMBER(38,0)
SNOWFLAKE_SAMPLE_DATA,TPCDS_SF100TCL,CALL_CENTER,CC_OPEN_DATE_SK,NUMBER(38,0)
SNOWFLAKE_SAMPLE_DATA,TPCDS_SF100TCL,CALL_CENTER,CC_NAME,VARCHAR(50)
SNOWFLAKE_SAMPLE_DATA,TPCDS_SF100TCL,CALL_CENTER,CC_CLASS,VARCHAR(50)
SNOWFLAKE_SAMPLE_DATA,TPCDS_SF100TCL,CALL_CENTER,CC_EMPLOYEES,NUMBER(38,0)
SNOWFLAKE_SAMPLE_DATA,TPCDS_SF100TCL,CALL_CENTER,CC_SQ_FT,NUMBER(38,0)
SNOWFLAKE_SAMPLE_DATA,TPCDS_SF100TCL,CALL_CENTER,CC_HOURS,VARCHAR(20)
SNOWFLAKE_SAMPLE_DATA,TPCDS_SF100TCL,CALL_CENTER,CC_MANAGER,VARCHAR(40)
SNOWFLAKE_SAMPLE_DATA,TPCDS_SF100TCL,CALL_CENTER,CC_MKT_ID,NUMBER(38,0)
SNOWFLAKE_SAMPLE_DATA,TPCDS_SF100TCL,CALL_CENTER,CC_MKT_CLASS,VARCHAR(50)
SNOWFLAKE_SAMPLE_DATA,TPCDS_SF100TCL,CALL_CENTER,CC_MKT_DESC,VARCHAR(100)
SNOWFLAKE_SAMPLE_DATA,TPCDS_SF100TCL,CALL_CENTER,CC_MARKET_MANAGER,VARCHAR(40)
SNOWFLAKE_SAMPLE_DATA,TPCDS_SF100TCL,CALL_CENTER,CC_DIVISION,NUMBER(38,0)
SNOWFLAKE_SAMPLE_DATA,TPCDS_SF100TCL,CALL_CENTER,CC_DIVISION_NAME,VARCHAR(50)
SNOWFLAKE_SAMPLE_DATA,TPCDS_SF100TCL,CALL_CENTER,CC_COMPANY,NUMBER(38,0)
SNOWFLAKE_SAMPLE_DATA,TPCDS_SF100TCL,CALL_CENTER,CC_COMPANY_NAME,VARCHAR(50)
SNOWFLAKE_SAMPLE_DATA,TPCDS_SF100TCL,CALL_CENTER,CC_STREET_NUMBER,VARCHAR(10)
SNOWFLAKE_SAMPLE_DATA,TPCDS_SF100TCL,CALL_CENTER,CC_STREET_NAME,VARCHAR(60)
SNOWFLAKE_SAMPLE_DATA,TPCDS_SF100TCL,CALL_CENTER,CC_STREET_TYPE,VARCHAR(15)
SNOWFLAKE_SAMPLE_DATA,TPCDS_SF100TCL,CALL_CENTER,CC_SUITE_NUMBER,VARCHAR(10)
SNOWFLAKE_SAMPLE_DATA,TPCDS_SF100TCL,CALL_CENTER,CC_CITY,VARCHAR(60)
SNOWFLAKE_SAMPLE_DATA,TPCDS_SF100TCL,CALL_CENTER,CC_COUNTY,VARCHAR(30)
SNOWFLAKE_SAMPLE_DATA,TPCDS_SF100TCL,CALL_CENTER,CC_STATE,VARCHAR(2)
SNOWFLAKE_SAMPLE_DATA,TPCDS_SF100TCL,CALL_CENTER,CC_ZIP,VARCHAR(10)
SNOWFLAKE_SAMPLE_DATA,TPCDS_SF100TCL,CALL_CENTER,CC_COUNTRY,VARCHAR(20)
SNOWFLAKE_SAMPLE_DATA,TPCDS_SF100TCL,CALL_CENTER,CC_GMT_OFFSET,NUMBER(5,2)
SNOWFLAKE_SAMPLE_DATA,TPCDS_SF100TCL,CALL_CENTER,CC_TAX_PERCENTAGE,NUMBER(5,2)
SNOWFLAKE_SAMPLE_DATA,TPCDS_SF100TCL,CATALOG_PAGE,CP_CATALOG_PAGE_SK,NUMBER(38,0)
SNOWFLAKE_SAMPLE_DATA,TPCDS_SF100TCL,CATALOG_PAGE,CP_CATALOG_PAGE_ID,VARCHAR(16)
SNOWFLAKE_SAMPLE_DATA,TPCDS_SF100TCL,CATALOG_PAGE,CP_START_DATE_SK,NUMBER(38,0)
SNOWFLAKE_SAMPLE_DATA,TPCDS_SF100TCL,CATALOG_PAGE,CP_END_DATE_SK,NUMBER(38,0)
SNOWFLAKE_SAMPLE_DATA,TPCDS_SF100TCL,CATALOG_PAGE,CP_DEPARTMENT,VARCHAR(50)
SNOWFLAKE_SAMPLE_DATA,TPCDS_SF100TCL,CATALOG_PAGE,CP_CATALOG_NUMBER,NUMBER(38,0)
SNOWFLAKE_SAMPLE_DATA,TPCDS_SF100TCL,CATALOG_PAGE,CP_CATALOG_PAGE_NUMBER,NUMBER(38,0)
SNOWFLAKE_SAMPLE_DATA,TPCDS_SF100TCL,CATALOG_PAGE,CP_DESCRIPTION,VARCHAR(100)
SNOWFLAKE_SAMPLE_DATA,TPCDS_SF100TCL,CATALOG_PAGE,CP_TYPE,VARCHAR(100)
SNOWFLAKE_SAMPLE_DATA,TPCDS_SF100TCL,CATALOG_RETURNS,CR_RETURNED_DATE_SK,NUMBER(38,0)
SNOWFLAKE_SAMPLE_DATA,TPCDS_SF100TCL,CATALOG_RETURNS,CR_RETURNED_TIME_SK,NUMBER(38,0)
SNOWFLAKE_SAMPLE_DATA,TPCDS_SF100TCL,CATALOG_RETURNS,CR_ITEM_SK,NUMBER(38,0)
SNOWFLAKE_SAMPLE_DATA,TPCDS_SF100TCL,CATALOG_RETURNS,CR_REFUNDED_CUSTOMER_SK,NUMBER(38,0)
SNOWFLAKE_SAMPLE_DATA,TPCDS_SF100TCL,CATALOG_RETURNS,CR_REFUNDED_CDEMO_SK,NUMBER(38,0)
SNOWFLAKE_SAMPLE_DATA,TPCDS_SF100TCL,CATALOG_RETURNS,CR_REFUNDED_HDEMO_SK,NUMBER(38,0)
SNOWFLAKE_SAMPLE_DATA,TPCDS_SF100TCL,CATALOG_RETURNS,CR_REFUNDED_ADDR_SK,NUMBER(38,0)
SNOWFLAKE_SAMPLE_DATA,TPCDS_SF100TCL,CATALOG_RETURNS,CR_RETURNING_CUSTOMER_SK,NUMBER(38,0)
SNOWFLAKE_SAMPLE_DATA,TPCDS_SF100TCL,CATALOG_RETURNS,CR_RETURNING_CDEMO_SK,NUMBER(38,0)
SNOWFLAKE_SAMPLE_DATA,TPCDS_SF100TCL,CATALOG_RETURNS,CR_RETURNING_HDEMO_SK,NUMBER(38,0)
SNOWFLAKE_SAMPLE_DATA,TPCDS_SF100TCL,CATALOG_RETURNS,CR_RETURNING_ADDR_SK,NUMBER(38,0)
SNOWFLAKE_SAMPLE_DATA,TPCDS_SF100TCL,CATALOG_RETURNS,CR_CALL_CENTER_SK,NUMBER(38,0)
SNOWFLAKE_SAMPLE_DATA,TPCDS_SF100TCL,CATALOG_RETURNS,CR_CATALOG_PAGE_SK,NUMBER(38,0)
SNOWFLAKE_SAMPLE_DATA,TPCDS_SF100TCL,CATALOG_RETURNS,CR_SHIP_MODE_SK,NUMBER(38,0)
SNOWFLAKE_SAMPLE_DATA,TPCDS_SF100TCL,CATALOG_RETURNS,CR_WAREHOUSE_SK,NUMBER(38,0)
SNOWFLAKE_SAMPLE_DATA,TPCDS_SF100TCL,CATALOG_RETURNS,CR_REASON_SK,NUMBER(38,0)
SNOWFLAKE_SAMPLE_DATA,TPCDS_SF100TCL,CATALOG_RETURNS,CR_ORDER_NUMBER,NUMBER(38,0)
SNOWFLAKE_SAMPLE_DATA,TPCDS_SF100TCL,CATALOG_RETURNS,CR_RETURN_QUANTITY,NUMBER(38,0)
SNOWFLAKE_SAMPLE_DATA,TPCDS_SF100TCL,CATALOG_RETURNS,CR_RETURN_AMOUNT,NUMBER(7,2)
SNOWFLAKE_SAMPLE_DATA,TPCDS_SF100TCL,CATALOG_RETURNS,CR_RETURN_TAX,NUMBER(7,2)
SNOWFLAKE_SAMPLE_DATA,TPCDS_SF100TCL,CATALOG_RETURNS,CR_RETURN_AMT_INC_TAX,NUMBER(7,2)
SNOWFLAKE_SAMPLE_DATA,TPCDS_SF100TCL,CATALOG_RETURNS,CR_FEE,NUMBER(7,2)
SNOWFLAKE_SAMPLE_DATA,TPCDS_SF100TCL,CATALOG_RETURNS,CR_RETURN_SHIP_COST,NUMBER(7,2)
SNOWFLAKE_SAMPLE_DATA,TPCDS_SF100TCL,CATALOG_RETURNS,CR_REFUNDED_CASH,NUMBER(7,2)
SNOWFLAKE_SAMPLE_DATA,TPCDS_SF100TCL,CATALOG_RETURNS,CR_REVERSED_CHARGE,NUMBER(7,2)
SNOWFLAKE_SAMPLE_DATA,TPCDS_SF100TCL,CATALOG_RETURNS,CR_STORE_CREDIT,NUMBER(7,2)
SNOWFLAKE_SAMPLE_DATA,TPCDS_SF100TCL,CATALOG_RETURNS,CR_NET_LOSS,NUMBER(7,2)
SNOWFLAKE_SAMPLE_DATA,TPCDS_SF100TCL,CATALOG_SALES,CS_SOLD_DATE_SK,NUMBER(38,0)
SNOWFLAKE_SAMPLE_DATA,TPCDS_SF100TCL,CATALOG_SALES,CS_SOLD_TIME_SK,NUMBER(38,0)
SNOWFLAKE_SAMPLE_DATA,TPCDS_SF100TCL,CATALOG_SALES,CS_SHIP_DATE_SK,NUMBER(38,0)
SNOWFLAKE_SAMPLE_DATA,TPCDS_SF100TCL,CATALOG_SALES,CS_BILL_CUSTOMER_SK,NUMBER(38,0)
SNOWFLAKE_SAMPLE_DATA,TPCDS_SF100TCL,CATALOG_SALES,CS_BILL_CDEMO_SK,NUMBER(38,0)
SNOWFLAKE_SAMPLE_DATA,TPCDS_SF100TCL,CATALOG_SALES,CS_BILL_HDEMO_SK,NUMBER(38,0)
SNOWFLAKE_SAMPLE_DATA,TPCDS_SF100TCL,CATALOG_SALES,CS_BILL_ADDR_SK,NUMBER(38,0)
SNOWFLAKE_SAMPLE_DATA,TPCDS_SF100TCL,CATALOG_SALES,CS_SHIP_CUSTOMER_SK,NUMBER(38,0)
SNOWFLAKE_SAMPLE_DATA,TPCDS_SF100TCL,CATALOG_SALES,CS_SHIP_CDEMO_SK,NUMBER(38,0)
SNOWFLAKE_SAMPLE_DATA,TPCDS_SF100TCL,CATALOG_SALES,CS_SHIP_HDEMO_SK,NUMBER(38,0)
SNOWFLAKE_SAMPLE_DATA,TPCDS_SF100TCL,CATALOG_SALES,CS_SHIP_ADDR_SK,NUMBER(38,0)
SNOWFLAKE_SAMPLE_DATA,TPCDS_SF100TCL,CATALOG_SALES,CS_CALL_CENTER_SK,NUMBER(38,0)
SNOWFLAKE_SAMPLE_DATA,TPCDS_SF100TCL,CATALOG_SALES,CS_CATALOG_PAGE_SK,NUMBER(38,0)
SNOWFLAKE_SAMPLE_DATA,TPCDS_SF100TCL,CATALOG_SALES,CS_SHIP_MODE_SK,NUMBER(38,0)
SNOWFLAKE_SAMPLE_DATA,TPCDS_SF100TCL,CATALOG_SALES,CS_WAREHOUSE_SK,NUMBER(38,0)
SNOWFLAKE_SAMPLE_DATA,TPCDS_SF100TCL,CATALOG_SALES,CS_ITEM_SK,NUMBER(38,0)
SNOWFLAKE_SAMPLE_DATA,TPCDS_SF100TCL,CATALOG_SALES,CS_PROMO_SK,NUMBER(38,0)
SNOWFLAKE_SAMPLE_DATA,TPCDS_SF100TCL,CATALOG_SALES,CS_ORDER_NUMBER,NUMBER(38,0)
SNOWFLAKE_SAMPLE_DATA,TPCDS_SF100TCL,CATALOG_SALES,CS_QUANTITY,NUMBER(38,0)
SNOWFLAKE_SAMPLE_DATA,TPCDS_SF100TCL,CATALOG_SALES,CS_WHOLESALE_COST,NUMBER(7,2)
SNOWFLAKE_SAMPLE_DATA,TPCDS_SF100TCL,CATALOG_SALES,CS_LIST_PRICE,NUMBER(7,2)
SNOWFLAKE_SAMPLE_DATA,TPCDS_SF100TCL,CATALOG_SALES,CS_SALES_PRICE,NUMBER(7,2)
SNOWFLAKE_SAMPLE_DATA,TPCDS_SF100TCL,CATALOG_SALES,CS_EXT_DISCOUNT_AMT,NUMBER(7,2)
SNOWFLAKE_SAMPLE_DATA,TPCDS_SF100TCL,CATALOG_SALES,CS_EXT_SALES_PRICE,NUMBER(7,2)
SNOWFLAKE_SAMPLE_DATA,TPCDS_SF100TCL,CATALOG_SALES,CS_EXT_WHOLESALE_COST,NUMBER(7,2)
SNOWFLAKE_SAMPLE_DATA,TPCDS_SF100TCL,CATALOG_SALES,CS_EXT_LIST_PRICE,NUMBER(7,2)
SNOWFLAKE_SAMPLE_DATA,TPCDS_SF100TCL,CATALOG_SALES,CS_EXT_TAX,NUMBER(7,2)
SNOWFLAKE_SAMPLE_DATA,TPCDS_SF100TCL,CATALOG_SALES,CS_COUPON_AMT,NUMBER(7,2)
SNOWFLAKE_SAMPLE_DATA,TPCDS_SF100TCL,CATALOG_SALES,CS_EXT_SHIP_COST,NUMBER(7,2)
SNOWFLAKE_SAMPLE_DATA,TPCDS_SF100TCL,CATALOG_SALES,CS_NET_PAID,NUMBER(7,2)
SNOWFLAKE_SAMPLE_DATA,TPCDS_SF100TCL,CATALOG_SALES,CS_NET_PAID_INC_TAX,NUMBER(7,2)
SNOWFLAKE_SAMPLE_DATA,TPCDS_SF100TCL,CATALOG_SALES,CS_NET_PAID_INC_SHIP,NUMBER(7,2)
SNOWFLAKE_SAMPLE_DATA,TPCDS_SF100TCL,CATALOG_SALES,CS_NET_PAID_INC_SHIP_TAX,NUMBER(7,2)
SNOWFLAKE_SAMPLE_DATA,TPCDS_SF100TCL,CATALOG_SALES,CS_NET_PROFIT,NUMBER(7,2)
SNOWFLAKE_SAMPLE_DATA,TPCDS_SF100TCL,CUSTOMER,C_CUSTOMER_SK,NUMBER(38,0)
SNOWFLAKE_SAMPLE_DATA,TPCDS_SF100TCL,CUSTOMER,C_CUSTOMER_ID,VARCHAR(16)
SNOWFLAKE_SAMPLE_DATA,TPCDS_SF100TCL,CUSTOMER,C_CURRENT_CDEMO_SK,NUMBER(38,0)
SNOWFLAKE_SAMPLE_DATA,TPCDS_SF100TCL,CUSTOMER,C_CURRENT_HDEMO_SK,NUMBER(38,0)
SNOWFLAKE_SAMPLE_DATA,TPCDS_SF100TCL,CUSTOMER,C_CURRENT_ADDR_SK,NUMBER(38,0)
SNOWFLAKE_SAMPLE_DATA,TPCDS_SF100TCL,CUSTOMER,C_FIRST_SHIPTO_DATE_SK,NUMBER(38,0)
SNOWFLAKE_SAMPLE_DATA,TPCDS_SF100TCL,CUSTOMER,C_FIRST_SALES_DATE_SK,NUMBER(38,0)
SNOWFLAKE_SAMPLE_DATA,TPCDS_SF100TCL,CUSTOMER,C_SALUTATION,VARCHAR(10)
SNOWFLAKE_SAMPLE_DATA,TPCDS_SF100TCL,CUSTOMER,C_FIRST_NAME,VARCHAR(20)
SNOWFLAKE_SAMPLE_DATA,TPCDS_SF100TCL,CUSTOMER,C_LAST_NAME,VARCHAR(30)
SNOWFLAKE_SAMPLE_DATA,TPCDS_SF100TCL,CUSTOMER,C_PREFERRED_CUST_FLAG,VARCHAR(1)
SNOWFLAKE_SAMPLE_DATA,TPCDS_SF100TCL,CUSTOMER,C_BIRTH_DAY,NUMBER(38,0)
SNOWFLAKE_SAMPLE_DATA,TPCDS_SF100TCL,CUSTOMER,C_BIRTH_MONTH,NUMBER(38,0)
SNOWFLAKE_SAMPLE_DATA,TPCDS_SF100TCL,CUSTOMER,C_BIRTH_YEAR,NUMBER(38,0)
SNOWFLAKE_SAMPLE_DATA,TPCDS_SF100TCL,CUSTOMER,C_BIRTH_COUNTRY,VARCHAR(20)
SNOWFLAKE_SAMPLE_DATA,TPCDS_SF100TCL,CUSTOMER,C_LOGIN,VARCHAR(13)
SNOWFLAKE_SAMPLE_DATA,TPCDS_SF100TCL,CUSTOMER,C_EMAIL_ADDRESS,VARCHAR(50)
SNOWFLAKE_SAMPLE_DATA,TPCDS_SF100TCL,CUSTOMER,C_LAST_REVIEW_DATE,VARCHAR(10)
SNOWFLAKE_SAMPLE_DATA,TPCDS_SF100TCL,CUSTOMER_ADDRESS,CA_ADDRESS_SK,NUMBER(38,0)
SNOWFLAKE_SAMPLE_DATA,TPCDS_SF100TCL,CUSTOMER_ADDRESS,CA_ADDRESS_ID,VARCHAR(16)
SNOWFLAKE_SAMPLE_DATA,TPCDS_SF100TCL,CUSTOMER_ADDRESS,CA_STREET_NUMBER,VARCHAR(10)
SNOWFLAKE_SAMPLE_DATA,TPCDS_SF100TCL,CUSTOMER_ADDRESS,CA_STREET_NAME,VARCHAR(60)
SNOWFLAKE_SAMPLE_DATA,TPCDS_SF100TCL,CUSTOMER_ADDRESS,CA_STREET_TYPE,VARCHAR(15)
SNOWFLAKE_SAMPLE_DATA,TPCDS_SF100TCL,CUSTOMER_ADDRESS,CA_SUITE_NUMBER,VARCHAR(10)
SNOWFLAKE_SAMPLE_DATA,TPCDS_SF100TCL,CUSTOMER_ADDRESS,CA_CITY,VARCHAR(60)
SNOWFLAKE_SAMPLE_DATA,TPCDS_SF100TCL,CUSTOMER_ADDRESS,CA_COUNTY,VARCHAR(30)
SNOWFLAKE_SAMPLE_DATA,TPCDS_SF100TCL,CUSTOMER_ADDRESS,CA_STATE,VARCHAR(2)
SNOWFLAKE_SAMPLE_DATA,TPCDS_SF100TCL,CUSTOMER_ADDRESS,CA_ZIP,VARCHAR(10)
SNOWFLAKE_SAMPLE_DATA,TPCDS_SF100TCL,CUSTOMER_ADDRESS,CA_COUNTRY,VARCHAR(20)
SNOWFLAKE_SAMPLE_DATA,TPCDS_SF100TCL,CUSTOMER_ADDRESS,CA_GMT_OFFSET,NUMBER(5,2)
SNOWFLAKE_SAMPLE_DATA,TPCDS_SF100TCL,CUSTOMER_ADDRESS,CA_LOCATION_TYPE,VARCHAR(20)
SNOWFLAKE_SAMPLE_DATA,TPCDS_SF100TCL,CUSTOMER_DEMOGRAPHICS,CD_DEMO_SK,NUMBER(38,0)
SNOWFLAKE_SAMPLE_DATA,TPCDS_SF100TCL,CUSTOMER_DEMOGRAPHICS,CD_GENDER,VARCHAR(1)
SNOWFLAKE_SAMPLE_DATA,TPCDS_SF100TCL,CUSTOMER_DEMOGRAPHICS,CD_MARITAL_STATUS,VARCHAR(1)
SNOWFLAKE_SAMPLE_DATA,TPCDS_SF100TCL,CUSTOMER_DEMOGRAPHICS,CD_EDUCATION_STATUS,VARCHAR(20)
SNOWFLAKE_SAMPLE_DATA,TPCDS_SF100TCL,CUSTOMER_DEMOGRAPHICS,CD_PURCHASE_ESTIMATE,NUMBER(38,0)
SNOWFLAKE_SAMPLE_DATA,TPCDS_SF100TCL,CUSTOMER_DEMOGRAPHICS,CD_CREDIT_RATING,VARCHAR(10)
SNOWFLAKE_SAMPLE_DATA,TPCDS_SF100TCL,CUSTOMER_DEMOGRAPHICS,CD_DEP_COUNT,NUMBER(38,0)
SNOWFLAKE_SAMPLE_DATA,TPCDS_SF100TCL,CUSTOMER_DEMOGRAPHICS,CD_DEP_EMPLOYED_COUNT,NUMBER(38,0)
SNOWFLAKE_SAMPLE_DATA,TPCDS_SF100TCL,CUSTOMER_DEMOGRAPHICS,CD_DEP_COLLEGE_COUNT,NUMBER(38,0)
SNOWFLAKE_SAMPLE_DATA,TPCDS_SF100TCL,DATE_DIM,D_DATE_SK,NUMBER(38,0)
SNOWFLAKE_SAMPLE_DATA,TPCDS_SF100TCL,DATE_DIM,D_DATE_ID,VARCHAR(16)
SNOWFLAKE_SAMPLE_DATA,TPCDS_SF100TCL,DATE_DIM,D_DATE,DATE
SNOWFLAKE_SAMPLE_DATA,TPCDS_SF100TCL,DATE_DIM,D_MONTH_SEQ,NUMBER(38,0)
SNOWFLAKE_SAMPLE_DATA,TPCDS_SF100TCL,DATE_DIM,D_WEEK_SEQ,NUMBER(38,0)
SNOWFLAKE_SAMPLE_DATA,TPCDS_SF100TCL,DATE_DIM,D_QUARTER_SEQ,NUMBER(38,0)
SNOWFLAKE_SAMPLE_DATA,TPCDS_SF100TCL,DATE_DIM,D_YEAR,NUMBER(38,0)
SNOWFLAKE_SAMPLE_DATA,TPCDS_SF100TCL,DATE_DIM,D_DOW,NUMBER(38,0)
SNOWFLAKE_SAMPLE_DATA,TPCDS_SF100TCL,DATE_DIM,D_MOY,NUMBER(38,0)
SNOWFLAKE_SAMPLE_DATA,TPCDS_SF100TCL,DATE_DIM,D_DOM,NUMBER(38,0)
SNOWFLAKE_SAMPLE_DATA,TPCDS_SF100TCL,DATE_DIM,D_QOY,NUMBER(38,0)
SNOWFLAKE_SAMPLE_DATA,TPCDS_SF100TCL,DATE_DIM,D_FY_YEAR,NUMBER(38,0)
SNOWFLAKE_SAMPLE_DATA,TPCDS_SF100TCL,DATE_DIM,D_FY_QUARTER_SEQ,NUMBER(38,0)
SNOWFLAKE_SAMPLE_DATA,TPCDS_SF100TCL,DATE_DIM,D_FY_WEEK_SEQ,NUMBER(38,0)
SNOWFLAKE_SAMPLE_DATA,TPCDS_SF100TCL,DATE_DIM,D_DAY_NAME,VARCHAR(9)
SNOWFLAKE_SAMPLE_DATA,TPCDS_SF100TCL,DATE_DIM,D_QUARTER_NAME,VARCHAR(6)
SNOWFLAKE_SAMPLE_DATA,TPCDS_SF100TCL,DATE_DIM,D_HOLIDAY,VARCHAR(1)
SNOWFLAKE_SAMPLE_DATA,TPCDS_SF100TCL,DATE_DIM,D_WEEKEND,VARCHAR(1)
SNOWFLAKE_SAMPLE_DATA,TPCDS_SF100TCL,DATE_DIM,D_FOLLOWING_HOLIDAY,VARCHAR(1)
SNOWFLAKE_SAMPLE_DATA,TPCDS_SF100TCL,DATE_DIM,D_FIRST_DOM,NUMBER(38,0)
SNOWFLAKE_SAMPLE_DATA,TPCDS_SF100TCL,DATE_DIM,D_LAST_DOM,NUMBER(38,0)
SNOWFLAKE_SAMPLE_DATA,TPCDS_SF100TCL,DATE_DIM,D_SAME_DAY_LY,NUMBER(38,0)
SNOWFLAKE_SAMPLE_DATA,TPCDS_SF100TCL,DATE_DIM,D_SAME_DAY_LQ,NUMBER(38,0)
SNOWFLAKE_SAMPLE_DATA,TPCDS_SF100TCL,DATE_DIM,D_CURRENT_DAY,VARCHAR(1)
SNOWFLAKE_SAMPLE_DATA,TPCDS_SF100TCL,DATE_DIM,D_CURRENT_WEEK,VARCHAR(1)
SNOWFLAKE_SAMPLE_DATA,TPCDS_SF100TCL,DATE_DIM,D_CURRENT_MONTH,VARCHAR(1)
SNOWFLAKE_SAMPLE_DATA,TPCDS_SF100TCL,DATE_DIM,D_CURRENT_QUARTER,VARCHAR(1)
SNOWFLAKE_SAMPLE_DATA,TPCDS_SF100TCL,DATE_DIM,D_CURRENT_YEAR,VARCHAR(1)
SNOWFLAKE_SAMPLE_DATA,TPCDS_SF100TCL,DBGEN_VERSION,DV_VERSION,VARCHAR(16)
SNOWFLAKE_SAMPLE_DATA,TPCDS_SF100TCL,DBGEN_VERSION,DV_CREATE_DATE,DATE
SNOWFLAKE_SAMPLE_DATA,TPCDS_SF100TCL,DBGEN_VERSION,DV_CREATE_TIME,VARCHAR(10)
SNOWFLAKE_SAMPLE_DATA,TPCDS_SF100TCL,DBGEN_VERSION,DV_CMDLINE_ARGS,VARCHAR(200)
SNOWFLAKE_SAMPLE_DATA,TPCDS_SF100TCL,HOUSEHOLD_DEMOGRAPHICS,HD_DEMO_SK,NUMBER(38,0)
SNOWFLAKE_SAMPLE_DATA,TPCDS_SF100TCL,HOUSEHOLD_DEMOGRAPHICS,HD_INCOME_BAND_SK,NUMBER(38,0)
SNOWFLAKE_SAMPLE_DATA,TPCDS_SF100TCL,HOUSEHOLD_DEMOGRAPHICS,HD_BUY_POTENTIAL,VARCHAR(15)
SNOWFLAKE_SAMPLE_DATA,TPCDS_SF100TCL,HOUSEHOLD_DEMOGRAPHICS,HD_DEP_COUNT,NUMBER(38,0)
SNOWFLAKE_SAMPLE_DATA,TPCDS_SF100TCL,HOUSEHOLD_DEMOGRAPHICS,HD_VEHICLE_COUNT,NUMBER(38,0)
SNOWFLAKE_SAMPLE_DATA,TPCDS_SF100TCL,INCOME_BAND,IB_INCOME_BAND_SK,NUMBER(38,0)
SNOWFLAKE_SAMPLE_DATA,TPCDS_SF100TCL,INCOME_BAND,IB_LOWER_BOUND,NUMBER(38,0)
SNOWFLAKE_SAMPLE_DATA,TPCDS_SF100TCL,INCOME_BAND,IB_UPPER_BOUND,NUMBER(38,0)
SNOWFLAKE_SAMPLE_DATA,TPCDS_SF100TCL,INVENTORY,INV_DATE_SK,NUMBER(38,0)
SNOWFLAKE_SAMPLE_DATA,TPCDS_SF100TCL,INVENTORY,INV_ITEM_SK,NUMBER(38,0)
SNOWFLAKE_SAMPLE_DATA,TPCDS_SF100TCL,INVENTORY,INV_WAREHOUSE_SK,NUMBER(38,0)
SNOWFLAKE_SAMPLE_DATA,TPCDS_SF100TCL,INVENTORY,INV_QUANTITY_ON_HAND,NUMBER(38,0)
SNOWFLAKE_SAMPLE_DATA,TPCDS_SF100TCL,ITEM,I_ITEM_SK,NUMBER(38,0)
SNOWFLAKE_SAMPLE_DATA,TPCDS_SF100TCL,ITEM,I_ITEM_ID,VARCHAR(16)
SNOWFLAKE_SAMPLE_DATA,TPCDS_SF100TCL,ITEM,I_REC_START_DATE,DATE
SNOWFLAKE_SAMPLE_DATA,TPCDS_SF100TCL,ITEM,I_REC_END_DATE,DATE
SNOWFLAKE_SAMPLE_DATA,TPCDS_SF100TCL,ITEM,I_ITEM_DESC,VARCHAR(200)
SNOWFLAKE_SAMPLE_DATA,TPCDS_SF100TCL,ITEM,I_CURRENT_PRICE,NUMBER(7,2)
SNOWFLAKE_SAMPLE_DATA,TPCDS_SF100TCL,ITEM,I_WHOLESALE_COST,NUMBER(7,2)
SNOWFLAKE_SAMPLE_DATA,TPCDS_SF100TCL,ITEM,I_BRAND_ID,NUMBER(38,0)
SNOWFLAKE_SAMPLE_DATA,TPCDS_SF100TCL,ITEM,I_BRAND,VARCHAR(50)
SNOWFLAKE_SAMPLE_DATA,TPCDS_SF100TCL,ITEM,I_CLASS_ID,NUMBER(38,0)
SNOWFLAKE_SAMPLE_DATA,TPCDS_SF100TCL,ITEM,I_CLASS,VARCHAR(50)
SNOWFLAKE_SAMPLE_DATA,TPCDS_SF100TCL,ITEM,I_CATEGORY_ID,NUMBER(38,0)
SNOWFLAKE_SAMPLE_DATA,TPCDS_SF100TCL,ITEM,I_CATEGORY,VARCHAR(50)
SNOWFLAKE_SAMPLE_DATA,TPCDS_SF100TCL,ITEM,I_MANUFACT_ID,NUMBER(38,0)
SNOWFLAKE_SAMPLE_DATA,TPCDS_SF100TCL,ITEM,I_MANUFACT,VARCHAR(50)
SNOWFLAKE_SAMPLE_DATA,TPCDS_SF100TCL,ITEM,I_SIZE,VARCHAR(20)
SNOWFLAKE_SAMPLE_DATA,TPCDS_SF100TCL,ITEM,I_FORMULATION,VARCHAR(20)
SNOWFLAKE_SAMPLE_DATA,TPCDS_SF100TCL,ITEM,I_COLOR,VARCHAR(20)
SNOWFLAKE_SAMPLE_DATA,TPCDS_SF100TCL,ITEM,I_UNITS,VARCHAR(10)
SNOWFLAKE_SAMPLE_DATA,TPCDS_SF100TCL,ITEM,I_CONTAINER,VARCHAR(10)
SNOWFLAKE_SAMPLE_DATA,TPCDS_SF100TCL,ITEM,I_MANAGER_ID,NUMBER(38,0)
SNOWFLAKE_SAMPLE_DATA,TPCDS_SF100TCL,ITEM,I_PRODUCT_NAME,VARCHAR(50)
SNOWFLAKE_SAMPLE_DATA,TPCDS_SF100TCL,PROMOTION,P_PROMO_SK,NUMBER(38,0)
SNOWFLAKE_SAMPLE_DATA,TPCDS_SF100TCL,PROMOTION,P_PROMO_ID,VARCHAR(16)
SNOWFLAKE_SAMPLE_DATA,TPCDS_SF100TCL,PROMOTION,P_START_DATE_SK,NUMBER(38,0)
SNOWFLAKE_SAMPLE_DATA,TPCDS_SF100TCL,PROMOTION,P_END_DATE_SK,NUMBER(38,0)
SNOWFLAKE_SAMPLE_DATA,TPCDS_SF100TCL,PROMOTION,P_ITEM_SK,NUMBER(38,0)
SNOWFLAKE_SAMPLE_DATA,TPCDS_SF100TCL,PROMOTION,P_COST,NUMBER(15,2)
SNOWFLAKE_SAMPLE_DATA,TPCDS_SF100TCL,PROMOTION,P_RESPONSE_TARGET,NUMBER(38,0)
SNOWFLAKE_SAMPLE_DATA,TPCDS_SF100TCL,PROMOTION,P_PROMO_NAME,VARCHAR(50)
SNOWFLAKE_SAMPLE_DATA,TPCDS_SF100TCL,PROMOTION,P_CHANNEL_DMAIL,VARCHAR(1)
SNOWFLAKE_SAMPLE_DATA,TPCDS_SF100TCL,PROMOTION,P_CHANNEL_EMAIL,VARCHAR(1)
SNOWFLAKE_SAMPLE_DATA,TPCDS_SF100TCL,PROMOTION,P_CHANNEL_CATALOG,VARCHAR(1)
SNOWFLAKE_SAMPLE_DATA,TPCDS_SF100TCL,PROMOTION,P_CHANNEL_TV,VARCHAR(1)
SNOWFLAKE_SAMPLE_DATA,TPCDS_SF100TCL,PROMOTION,P_CHANNEL_RADIO,VARCHAR(1)
SNOWFLAKE_SAMPLE_DATA,TPCDS_SF100TCL,PROMOTION,P_CHANNEL_PRESS,VARCHAR(1)
SNOWFLAKE_SAMPLE_DATA,TPCDS_SF100TCL,PROMOTION,P_CHANNEL_EVENT,VARCHAR(1)
SNOWFLAKE_SAMPLE_DATA,TPCDS_SF100TCL,PROMOTION,P_CHANNEL_DEMO,VARCHAR(1)
SNOWFLAKE_SAMPLE_DATA,TPCDS_SF100TCL,PROMOTION,P_CHANNEL_DETAILS,VARCHAR(100)
SNOWFLAKE_SAMPLE_DATA,TPCDS_SF100TCL,PROMOTION,P_PURPOSE,VARCHAR(15)
SNOWFLAKE_SAMPLE_DATA,TPCDS_SF100TCL,PROMOTION,P_DISCOUNT_ACTIVE,VARCHAR(1)
SNOWFLAKE_SAMPLE_DATA,TPCDS_SF100TCL,REASON,R_REASON_SK,NUMBER(38,0)
SNOWFLAKE_SAMPLE_DATA,TPCDS_SF100TCL,REASON,R_REASON_ID,VARCHAR(16)
SNOWFLAKE_SAMPLE_DATA,TPCDS_SF100TCL,REASON,R_REASON_DESC,VARCHAR(100)
SNOWFLAKE_SAMPLE_DATA,TPCDS_SF100TCL,SHIP_MODE,SM_SHIP_MODE_SK,NUMBER(38,0)
SNOWFLAKE_SAMPLE_DATA,TPCDS_SF100TCL,SHIP_MODE,SM_SHIP_MODE_ID,VARCHAR(16)
SNOWFLAKE_SAMPLE_DATA,TPCDS_SF100TCL,SHIP_MODE,SM_TYPE,VARCHAR(30)
SNOWFLAKE_SAMPLE_DATA,TPCDS_SF100TCL,SHIP_MODE,SM_CODE,VARCHAR(10)
SNOWFLAKE_SAMPLE_DATA,TPCDS_SF100TCL,SHIP_MODE,SM_CARRIER,VARCHAR(20)
SNOWFLAKE_SAMPLE_DATA,TPCDS_SF100TCL,SHIP_MODE,SM_CONTRACT,VARCHAR(20)
SNOWFLAKE_SAMPLE_DATA,TPCDS_SF100TCL,STORE,S_STORE_SK,NUMBER(38,0)
SNOWFLAKE_SAMPLE_DATA,TPCDS_SF100TCL,STORE,S_STORE_ID,VARCHAR(16)
SNOWFLAKE_SAMPLE_DATA,TPCDS_SF100TCL,STORE,S_REC_START_DATE,DATE
SNOWFLAKE_SAMPLE_DATA,TPCDS_SF100TCL,STORE,S_REC_END_DATE,DATE
SNOWFLAKE_SAMPLE_DATA,TPCDS_SF100TCL,STORE,S_CLOSED_DATE_SK,NUMBER(38,0)
SNOWFLAKE_SAMPLE_DATA,TPCDS_SF100TCL,STORE,S_STORE_NAME,VARCHAR(50)
SNOWFLAKE_SAMPLE_DATA,TPCDS_SF100TCL,STORE,S_NUMBER_EMPLOYEES,NUMBER(38,0)
SNOWFLAKE_SAMPLE_DATA,TPCDS_SF100TCL,STORE,S_FLOOR_SPACE,NUMBER(38,0)
SNOWFLAKE_SAMPLE_DATA,TPCDS_SF100TCL,STORE,S_HOURS,VARCHAR(20)
SNOWFLAKE_SAMPLE_DATA,TPCDS_SF100TCL,STORE,S_MANAGER,VARCHAR(40)
SNOWFLAKE_SAMPLE_DATA,TPCDS_SF100TCL,STORE,S_MARKET_ID,NUMBER(38,0)
SNOWFLAKE_SAMPLE_DATA,TPCDS_SF100TCL,STORE,S_GEOGRAPHY_CLASS,VARCHAR(100)
SNOWFLAKE_SAMPLE_DATA,TPCDS_SF100TCL,STORE,S_MARKET_DESC,VARCHAR(100)
SNOWFLAKE_SAMPLE_DATA,TPCDS_SF100TCL,STORE,S_MARKET_MANAGER,VARCHAR(40)
SNOWFLAKE_SAMPLE_DATA,TPCDS_SF100TCL,STORE,S_DIVISION_ID,NUMBER(38,0)
SNOWFLAKE_SAMPLE_DATA,TPCDS_SF100TCL,STORE,S_DIVISION_NAME,VARCHAR(50)
SNOWFLAKE_SAMPLE_DATA,TPCDS_SF100TCL,STORE,S_COMPANY_ID,NUMBER(38,0)
SNOWFLAKE_SAMPLE_DATA,TPCDS_SF100TCL,STORE,S_COMPANY_NAME,VARCHAR(50)
SNOWFLAKE_SAMPLE_DATA,TPCDS_SF100TCL,STORE,S_STREET_NUMBER,VARCHAR(10)
SNOWFLAKE_SAMPLE_DATA,TPCDS_SF100TCL,STORE,S_STREET_NAME,VARCHAR(60)
SNOWFLAKE_SAMPLE_DATA,TPCDS_SF100TCL,STORE,S_STREET_TYPE,VARCHAR(15)
SNOWFLAKE_SAMPLE_DATA,TPCDS_SF100TCL,STORE,S_SUITE_NUMBER,VARCHAR(10)
SNOWFLAKE_SAMPLE_DATA,TPCDS_SF100TCL,STORE,S_CITY,VARCHAR(60)
SNOWFLAKE_SAMPLE_DATA,TPCDS_SF100TCL,STORE,S_COUNTY,VARCHAR(30)
SNOWFLAKE_SAMPLE_DATA,TPCDS_SF100TCL,STORE,S_STATE,VARCHAR(2)
SNOWFLAKE_SAMPLE_DATA,TPCDS_SF100TCL,STORE,S_ZIP,VARCHAR(10)
SNOWFLAKE_SAMPLE_DATA,TPCDS_SF100TCL,STORE,S_COUNTRY,VARCHAR(20)
SNOWFLAKE_SAMPLE_DATA,TPCDS_SF100TCL,STORE,S_GMT_OFFSET,NUMBER(5,2)
SNOWFLAKE_SAMPLE_DATA,TPCDS_SF100TCL,STORE,S_TAX_PRECENTAGE,NUMBER(5,2)
SNOWFLAKE_SAMPLE_DATA,TPCDS_SF100TCL,STORE_RETURNS,SR_RETURNED_DATE_SK,NUMBER(38,0)
SNOWFLAKE_SAMPLE_DATA,TPCDS_SF100TCL,STORE_RETURNS,SR_RETURN_TIME_SK,NUMBER(38,0)
SNOWFLAKE_SAMPLE_DATA,TPCDS_SF100TCL,STORE_RETURNS,SR_ITEM_SK,NUMBER(38,0)
SNOWFLAKE_SAMPLE_DATA,TPCDS_SF100TCL,STORE_RETURNS,SR_CUSTOMER_SK,NUMBER(38,0)
SNOWFLAKE_SAMPLE_DATA,TPCDS_SF100TCL,STORE_RETURNS,SR_CDEMO_SK,NUMBER(38,0)
SNOWFLAKE_SAMPLE_DATA,TPCDS_SF100TCL,STORE_RETURNS,SR_HDEMO_SK,NUMBER(38,0)
SNOWFLAKE_SAMPLE_DATA,TPCDS_SF100TCL,STORE_RETURNS,SR_ADDR_SK,NUMBER(38,0)
SNOWFLAKE_SAMPLE_DATA,TPCDS_SF100TCL,STORE_RETURNS,SR_STORE_SK,NUMBER(38,0)
SNOWFLAKE_SAMPLE_DATA,TPCDS_SF100TCL,STORE_RETURNS,SR_REASON_SK,NUMBER(38,0)
SNOWFLAKE_SAMPLE_DATA,TPCDS_SF100TCL,STORE_RETURNS,SR_TICKET_NUMBER,NUMBER(38,0)
SNOWFLAKE_SAMPLE_DATA,TPCDS_SF100TCL,STORE_RETURNS,SR_RETURN_QUANTITY,NUMBER(38,0)
SNOWFLAKE_SAMPLE_DATA,TPCDS_SF100TCL,STORE_RETURNS,SR_RETURN_AMT,NUMBER(7,2)
SNOWFLAKE_SAMPLE_DATA,TPCDS_SF100TCL,STORE_RETURNS,SR_RETURN_TAX,NUMBER(7,2)
SNOWFLAKE_SAMPLE_DATA,TPCDS_SF100TCL,STORE_RETURNS,SR_RETURN_AMT_INC_TAX,NUMBER(7,2)
SNOWFLAKE_SAMPLE_DATA,TPCDS_SF100TCL,STORE_RETURNS,SR_FEE,NUMBER(7,2)
SNOWFLAKE_SAMPLE_DATA,TPCDS_SF100TCL,STORE_RETURNS,SR_RETURN_SHIP_COST,NUMBER(7,2)
SNOWFLAKE_SAMPLE_DATA,TPCDS_SF100TCL,STORE_RETURNS,SR_REFUNDED_CASH,NUMBER(7,2)
SNOWFLAKE_SAMPLE_DATA,TPCDS_SF100TCL,STORE_RETURNS,SR_REVERSED_CHARGE,NUMBER(7,2)
SNOWFLAKE_SAMPLE_DATA,TPCDS_SF100TCL,STORE_RETURNS,SR_STORE_CREDIT,NUMBER(7,2)
SNOWFLAKE_SAMPLE_DATA,TPCDS_SF100TCL,STORE_RETURNS,SR_NET_LOSS,NUMBER(7,2)
SNOWFLAKE_SAMPLE_DATA,TPCDS_SF100TCL,STORE_SALES,SS_SOLD_DATE_SK,NUMBER(38,0)
SNOWFLAKE_SAMPLE_DATA,TPCDS_SF100TCL,STORE_SALES,SS_SOLD_TIME_SK,NUMBER(38,0)
SNOWFLAKE_SAMPLE_DATA,TPCDS_SF100TCL,STORE_SALES,SS_ITEM_SK,NUMBER(38,0)
SNOWFLAKE_SAMPLE_DATA,TPCDS_SF100TCL,STORE_SALES,SS_CUSTOMER_SK,NUMBER(38,0)
SNOWFLAKE_SAMPLE_DATA,TPCDS_SF100TCL,STORE_SALES,SS_CDEMO_SK,NUMBER(38,0)
SNOWFLAKE_SAMPLE_DATA,TPCDS_SF100TCL,STORE_SALES,SS_HDEMO_SK,NUMBER(38,0)
SNOWFLAKE_SAMPLE_DATA,TPCDS_SF100TCL,STORE_SALES,SS_ADDR_SK,NUMBER(38,0)
SNOWFLAKE_SAMPLE_DATA,TPCDS_SF100TCL,STORE_SALES,SS_STORE_SK,NUMBER(38,0)
SNOWFLAKE_SAMPLE_DATA,TPCDS_SF100TCL,STORE_SALES,SS_PROMO_SK,NUMBER(38,0)
SNOWFLAKE_SAMPLE_DATA,TPCDS_SF100TCL,STORE_SALES,SS_TICKET_NUMBER,NUMBER(38,0)
SNOWFLAKE_SAMPLE_DATA,TPCDS_SF100TCL,STORE_SALES,SS_QUANTITY,NUMBER(38,0)
SNOWFLAKE_SAMPLE_DATA,TPCDS_SF100TCL,STORE_SALES,SS_WHOLESALE_COST,NUMBER(7,2)
SNOWFLAKE_SAMPLE_DATA,TPCDS_SF100TCL,STORE_SALES,SS_LIST_PRICE,NUMBER(7,2)
SNOWFLAKE_SAMPLE_DATA,TPCDS_SF100TCL,STORE_SALES,SS_SALES_PRICE,NUMBER(7,2)
SNOWFLAKE_SAMPLE_DATA,TPCDS_SF100TCL,STORE_SALES,SS_EXT_DISCOUNT_AMT,NUMBER(7,2)
SNOWFLAKE_SAMPLE_DATA,TPCDS_SF100TCL,STORE_SALES,SS_EXT_SALES_PRICE,NUMBER(7,2)
SNOWFLAKE_SAMPLE_DATA,TPCDS_SF100TCL,STORE_SALES,SS_EXT_WHOLESALE_COST,NUMBER(7,2)
SNOWFLAKE_SAMPLE_DATA,TPCDS_SF100TCL,STORE_SALES,SS_EXT_LIST_PRICE,NUMBER(7,2)
SNOWFLAKE_SAMPLE_DATA,TPCDS_SF100TCL,STORE_SALES,SS_EXT_TAX,NUMBER(7,2)
SNOWFLAKE_SAMPLE_DATA,TPCDS_SF100TCL,STORE_SALES,SS_COUPON_AMT,NUMBER(7,2)
SNOWFLAKE_SAMPLE_DATA,TPCDS_SF100TCL,STORE_SALES,SS_NET_PAID,NUMBER(7,2)
SNOWFLAKE_SAMPLE_DATA,TPCDS_SF100TCL,STORE_SALES,SS_NET_PAID_INC_TAX,NUMBER(7,2)
SNOWFLAKE_SAMPLE_DATA,TPCDS_SF100TCL,STORE_SALES,SS_NET_PROFIT,NUMBER(7,2)
SNOWFLAKE_SAMPLE_DATA,TPCDS_SF100TCL,TIME_DIM,T_TIME_SK,NUMBER(38,0)
SNOWFLAKE_SAMPLE_DATA,TPCDS_SF100TCL,TIME_DIM,T_TIME_ID,VARCHAR(16)
SNOWFLAKE_SAMPLE_DATA,TPCDS_SF100TCL,TIME_DIM,T_TIME,NUMBER(38,0)
SNOWFLAKE_SAMPLE_DATA,TPCDS_SF100TCL,TIME_DIM,T_HOUR,NUMBER(38,0)
SNOWFLAKE_SAMPLE_DATA,TPCDS_SF100TCL,TIME_DIM,T_MINUTE,NUMBER(38,0)
SNOWFLAKE_SAMPLE_DATA,TPCDS_SF100TCL,TIME_DIM,T_SECOND,NUMBER(38,0)
SNOWFLAKE_SAMPLE_DATA,TPCDS_SF100TCL,TIME_DIM,T_AM_PM,VARCHAR(2)
SNOWFLAKE_SAMPLE_DATA,TPCDS_SF100TCL,TIME_DIM,T_SHIFT,VARCHAR(20)
SNOWFLAKE_SAMPLE_DATA,TPCDS_SF100TCL,TIME_DIM,T_SUB_SHIFT,VARCHAR(20)
SNOWFLAKE_SAMPLE_DATA,TPCDS_SF100TCL,TIME_DIM,T_MEAL_TIME,VARCHAR(20)
SNOWFLAKE_SAMPLE_DATA,TPCDS_SF100TCL,WAREHOUSE,W_WAREHOUSE_SK,NUMBER(38,0)
SNOWFLAKE_SAMPLE_DATA,TPCDS_SF100TCL,WAREHOUSE,W_WAREHOUSE_ID,VARCHAR(16)
SNOWFLAKE_SAMPLE_DATA,TPCDS_SF100TCL,WAREHOUSE,W_WAREHOUSE_NAME,VARCHAR(20)
SNOWFLAKE_SAMPLE_DATA,TPCDS_SF100TCL,WAREHOUSE,W_WAREHOUSE_SQ_FT,NUMBER(38,0)
SNOWFLAKE_SAMPLE_DATA,TPCDS_SF100TCL,WAREHOUSE,W_STREET_NUMBER,VARCHAR(10)
SNOWFLAKE_SAMPLE_DATA,TPCDS_SF100TCL,WAREHOUSE,W_STREET_NAME,VARCHAR(60)
SNOWFLAKE_SAMPLE_DATA,TPCDS_SF100TCL,WAREHOUSE,W_STREET_TYPE,VARCHAR(15)
SNOWFLAKE_SAMPLE_DATA,TPCDS_SF100TCL,WAREHOUSE,W_SUITE_NUMBER,VARCHAR(10)
SNOWFLAKE_SAMPLE_DATA,TPCDS_SF100TCL,WAREHOUSE,W_CITY,VARCHAR(60)
SNOWFLAKE_SAMPLE_DATA,TPCDS_SF100TCL,WAREHOUSE,W_COUNTY,VARCHAR(30)
SNOWFLAKE_SAMPLE_DATA,TPCDS_SF100TCL,WAREHOUSE,W_STATE,VARCHAR(2)
SNOWFLAKE_SAMPLE_DATA,TPCDS_SF100TCL,WAREHOUSE,W_ZIP,VARCHAR(10)
SNOWFLAKE_SAMPLE_DATA,TPCDS_SF100TCL,WAREHOUSE,W_COUNTRY,VARCHAR(20)
SNOWFLAKE_SAMPLE_DATA,TPCDS_SF100TCL,WAREHOUSE,W_GMT_OFFSET,NUMBER(5,2)
SNOWFLAKE_SAMPLE_DATA,TPCDS_SF100TCL,WEB_PAGE,WP_WEB_PAGE_SK,NUMBER(38,0)
SNOWFLAKE_SAMPLE_DATA,TPCDS_SF100TCL,WEB_PAGE,WP_WEB_PAGE_ID,VARCHAR(16)
SNOWFLAKE_SAMPLE_DATA,TPCDS_SF100TCL,WEB_PAGE,WP_REC_START_DATE,DATE
SNOWFLAKE_SAMPLE_DATA,TPCDS_SF100TCL,WEB_PAGE,WP_REC_END_DATE,DATE
SNOWFLAKE_SAMPLE_DATA,TPCDS_SF100TCL,WEB_PAGE,WP_CREATION_DATE_SK,NUMBER(38,0)
SNOWFLAKE_SAMPLE_DATA,TPCDS_SF100TCL,WEB_PAGE,WP_ACCESS_DATE_SK,NUMBER(38,0)
SNOWFLAKE_SAMPLE_DATA,TPCDS_SF100TCL,WEB_PAGE,WP_AUTOGEN_FLAG,VARCHAR(1)
SNOWFLAKE_SAMPLE_DATA,TPCDS_SF100TCL,WEB_PAGE,WP_CUSTOMER_SK,NUMBER(38,0)
SNOWFLAKE_SAMPLE_DATA,TPCDS_SF100TCL,WEB_PAGE,WP_URL,VARCHAR(100)
SNOWFLAKE_SAMPLE_DATA,TPCDS_SF100TCL,WEB_PAGE,WP_TYPE,VARCHAR(50)
SNOWFLAKE_SAMPLE_DATA,TPCDS_SF100TCL,WEB_PAGE,WP_CHAR_COUNT,NUMBER(38,0)
SNOWFLAKE_SAMPLE_DATA,TPCDS_SF100TCL,WEB_PAGE,WP_LINK_COUNT,NUMBER(38,0)
SNOWFLAKE_SAMPLE_DATA,TPCDS_SF100TCL,WEB_PAGE,WP_IMAGE_COUNT,NUMBER(38,0)
SNOWFLAKE_SAMPLE_DATA,TPCDS_SF100TCL,WEB_PAGE,WP_MAX_AD_COUNT,NUMBER(38,0)
SNOWFLAKE_SAMPLE_DATA,TPCDS_SF100TCL,WEB_RETURNS,WR_RETURNED_DATE_SK,NUMBER(38,0)
SNOWFLAKE_SAMPLE_DATA,TPCDS_SF100TCL,WEB_RETURNS,WR_RETURNED_TIME_SK,NUMBER(38,0)
SNOWFLAKE_SAMPLE_DATA,TPCDS_SF100TCL,WEB_RETURNS,WR_ITEM_SK,NUMBER(38,0)
SNOWFLAKE_SAMPLE_DATA,TPCDS_SF100TCL,WEB_RETURNS,WR_REFUNDED_CUSTOMER_SK,NUMBER(38,0)
SNOWFLAKE_SAMPLE_DATA,TPCDS_SF100TCL,WEB_RETURNS,WR_REFUNDED_CDEMO_SK,NUMBER(38,0)
SNOWFLAKE_SAMPLE_DATA,TPCDS_SF100TCL,WEB_RETURNS,WR_REFUNDED_HDEMO_SK,NUMBER(38,0)
SNOWFLAKE_SAMPLE_DATA,TPCDS_SF100TCL,WEB_RETURNS,WR_REFUNDED_ADDR_SK,NUMBER(38,0)
SNOWFLAKE_SAMPLE_DATA,TPCDS_SF100TCL,WEB_RETURNS,WR_RETURNING_CUSTOMER_SK,NUMBER(38,0)
SNOWFLAKE_SAMPLE_DATA,TPCDS_SF100TCL,WEB_RETURNS,WR_RETURNING_CDEMO_SK,NUMBER(38,0)
SNOWFLAKE_SAMPLE_DATA,TPCDS_SF100TCL,WEB_RETURNS,WR_RETURNING_HDEMO_SK,NUMBER(38,0)
SNOWFLAKE_SAMPLE_DATA,TPCDS_SF100TCL,WEB_RETURNS,WR_RETURNING_ADDR_SK,NUMBER(38,0)
SNOWFLAKE_SAMPLE_DATA,TPCDS_SF100TCL,WEB_RETURNS,WR_WEB_PAGE_SK,NUMBER(38,0)
SNOWFLAKE_SAMPLE_DATA,TPCDS_SF100TCL,WEB_RETURNS,WR_REASON_SK,NUMBER(38,0)
SNOWFLAKE_SAMPLE_DATA,TPCDS_SF100TCL,WEB_RETURNS,WR_ORDER_NUMBER,NUMBER(38,0)
SNOWFLAKE_SAMPLE_DATA,TPCDS_SF100TCL,WEB_RETURNS,WR_RETURN_QUANTITY,NUMBER(38,0)
SNOWFLAKE_SAMPLE_DATA,TPCDS_SF100TCL,WEB_RETURNS,WR_RETURN_AMT,NUMBER(7,2)
SNOWFLAKE_SAMPLE_DATA,TPCDS_SF100TCL,WEB_RETURNS,WR_RETURN_TAX,NUMBER(7,2)
SNOWFLAKE_SAMPLE_DATA,TPCDS_SF100TCL,WEB_RETURNS,WR_RETURN_AMT_INC_TAX,NUMBER(7,2)
SNOWFLAKE_SAMPLE_DATA,TPCDS_SF100TCL,WEB_RETURNS,WR_FEE,NUMBER(7,2)
SNOWFLAKE_SAMPLE_DATA,TPCDS_SF100TCL,WEB_RETURNS,WR_RETURN_SHIP_COST,NUMBER(7,2)
SNOWFLAKE_SAMPLE_DATA,TPCDS_SF100TCL,WEB_RETURNS,WR_REFUNDED_CASH,NUMBER(7,2)
SNOWFLAKE_SAMPLE_DATA,TPCDS_SF100TCL,WEB_RETURNS,WR_REVERSED_CHARGE,NUMBER(7,2)
SNOWFLAKE_SAMPLE_DATA,TPCDS_SF100TCL,WEB_RETURNS,WR_ACCOUNT_CREDIT,NUMBER(7,2)
SNOWFLAKE_SAMPLE_DATA,TPCDS_SF100TCL,WEB_RETURNS,WR_NET_LOSS,NUMBER(7,2)
SNOWFLAKE_SAMPLE_DATA,TPCDS_SF100TCL,WEB_SALES,WS_SOLD_DATE_SK,NUMBER(38,0)
SNOWFLAKE_SAMPLE_DATA,TPCDS_SF100TCL,WEB_SALES,WS_SOLD_TIME_SK,NUMBER(38,0)
SNOWFLAKE_SAMPLE_DATA,TPCDS_SF100TCL,WEB_SALES,WS_SHIP_DATE_SK,NUMBER(38,0)
SNOWFLAKE_SAMPLE_DATA,TPCDS_SF100TCL,WEB_SALES,WS_ITEM_SK,NUMBER(38,0)
SNOWFLAKE_SAMPLE_DATA,TPCDS_SF100TCL,WEB_SALES,WS_BILL_CUSTOMER_SK,NUMBER(38,0)
SNOWFLAKE_SAMPLE_DATA,TPCDS_SF100TCL,WEB_SALES,WS_BILL_CDEMO_SK,NUMBER(38,0)
SNOWFLAKE_SAMPLE_DATA,TPCDS_SF100TCL,WEB_SALES,WS_BILL_HDEMO_SK,NUMBER(38,0)
SNOWFLAKE_SAMPLE_DATA,TPCDS_SF100TCL,WEB_SALES,WS_BILL_ADDR_SK,NUMBER(38,0)
SNOWFLAKE_SAMPLE_DATA,TPCDS_SF100TCL,WEB_SALES,WS_SHIP_CUSTOMER_SK,NUMBER(38,0)
SNOWFLAKE_SAMPLE_DATA,TPCDS_SF100TCL,WEB_SALES,WS_SHIP_CDEMO_SK,NUMBER(38,0)
SNOWFLAKE_SAMPLE_DATA,TPCDS_SF100TCL,WEB_SALES,WS_SHIP_HDEMO_SK,NUMBER(38,0)
SNOWFLAKE_SAMPLE_DATA,TPCDS_SF100TCL,WEB_SALES,WS_SHIP_ADDR_SK,NUMBER(38,0)
SNOWFLAKE_SAMPLE_DATA,TPCDS_SF100TCL,WEB_SALES,WS_WEB_PAGE_SK,NUMBER(38,0)
SNOWFLAKE_SAMPLE_DATA,TPCDS_SF100TCL,WEB_SALES,WS_WEB_SITE_SK,NUMBER(38,0)
SNOWFLAKE_SAMPLE_DATA,TPCDS_SF100TCL,WEB_SALES,WS_SHIP_MODE_SK,NUMBER(38,0)
SNOWFLAKE_SAMPLE_DATA,TPCDS_SF100TCL,WEB_SALES,WS_WAREHOUSE_SK,NUMBER(38,0)
SNOWFLAKE_SAMPLE_DATA,TPCDS_SF100TCL,WEB_SALES,WS_PROMO_SK,NUMBER(38,0)
SNOWFLAKE_SAMPLE_DATA,TPCDS_SF100TCL,WEB_SALES,WS_ORDER_NUMBER,NUMBER(38,0)
SNOWFLAKE_SAMPLE_DATA,TPCDS_SF100TCL,WEB_SALES,WS_QUANTITY,NUMBER(38,0)
SNOWFLAKE_SAMPLE_DATA,TPCDS_SF100TCL,WEB_SALES,WS_WHOLESALE_COST,NUMBER(7,2)
SNOWFLAKE_SAMPLE_DATA,TPCDS_SF100TCL,WEB_SALES,WS_LIST_PRICE,NUMBER(7,2)
SNOWFLAKE_SAMPLE_DATA,TPCDS_SF100TCL,WEB_SALES,WS_SALES_PRICE,NUMBER(7,2)
SNOWFLAKE_SAMPLE_DATA,TPCDS_SF100TCL,WEB_SALES,WS_EXT_DISCOUNT_AMT,NUMBER(7,2)
SNOWFLAKE_SAMPLE_DATA,TPCDS_SF100TCL,WEB_SALES,WS_EXT_SALES_PRICE,NUMBER(7,2)
SNOWFLAKE_SAMPLE_DATA,TPCDS_SF100TCL,WEB_SALES,WS_EXT_WHOLESALE_COST,NUMBER(7,2)
SNOWFLAKE_SAMPLE_DATA,TPCDS_SF100TCL,WEB_SALES,WS_EXT_LIST_PRICE,NUMBER(7,2)
SNOWFLAKE_SAMPLE_DATA,TPCDS_SF100TCL,WEB_SALES,WS_EXT_TAX,NUMBER(7,2)
SNOWFLAKE_SAMPLE_DATA,TPCDS_SF100TCL,WEB_SALES,WS_COUPON_AMT,NUMBER(7,2)
SNOWFLAKE_SAMPLE_DATA,TPCDS_SF100TCL,WEB_SALES,WS_EXT_SHIP_COST,NUMBER(7,2)
SNOWFLAKE_SAMPLE_DATA,TPCDS_SF100TCL,WEB_SALES,WS_NET_PAID,NUMBER(7,2)
SNOWFLAKE_SAMPLE_DATA,TPCDS_SF100TCL,WEB_SALES,WS_NET_PAID_INC_TAX,NUMBER(7,2)
SNOWFLAKE_SAMPLE_DATA,TPCDS_SF100TCL,WEB_SALES,WS_NET_PAID_INC_SHIP,NUMBER(7,2)
SNOWFLAKE_SAMPLE_DATA,TPCDS_SF100TCL,WEB_SALES,WS_NET_PAID_INC_SHIP_TAX,NUMBER(7,2)
SNOWFLAKE_SAMPLE_DATA,TPCDS_SF100TCL,WEB_SALES,WS_NET_PROFIT,NUMBER(7,2)
SNOWFLAKE_SAMPLE_DATA,TPCDS_SF100TCL,WEB_SITE,WEB_SITE_SK,NUMBER(38,0)
SNOWFLAKE_SAMPLE_DATA,TPCDS_SF100TCL,WEB_SITE,WEB_SITE_ID,VARCHAR(16)
SNOWFLAKE_SAMPLE_DATA,TPCDS_SF100TCL,WEB_SITE,WEB_REC_START_DATE,DATE
SNOWFLAKE_SAMPLE_DATA,TPCDS_SF100TCL,WEB_SITE,WEB_REC_END_DATE,DATE
SNOWFLAKE_SAMPLE_DATA,TPCDS_SF100TCL,WEB_SITE,WEB_NAME,VARCHAR(50)
SNOWFLAKE_SAMPLE_DATA,TPCDS_SF100TCL,WEB_SITE,WEB_OPEN_DATE_SK,NUMBER(38,0)
SNOWFLAKE_SAMPLE_DATA,TPCDS_SF100TCL,WEB_SITE,WEB_CLOSE_DATE_SK,NUMBER(38,0)
SNOWFLAKE_SAMPLE_DATA,TPCDS_SF100TCL,WEB_SITE,WEB_CLASS,VARCHAR(50)
SNOWFLAKE_SAMPLE_DATA,TPCDS_SF100TCL,WEB_SITE,WEB_MANAGER,VARCHAR(40)
SNOWFLAKE_SAMPLE_DATA,TPCDS_SF100TCL,WEB_SITE,WEB_MKT_ID,NUMBER(38,0)
SNOWFLAKE_SAMPLE_DATA,TPCDS_SF100TCL,WEB_SITE,WEB_MKT_CLASS,VARCHAR(50)
SNOWFLAKE_SAMPLE_DATA,TPCDS_SF100TCL,WEB_SITE,WEB_MKT_DESC,VARCHAR(100)
SNOWFLAKE_SAMPLE_DATA,TPCDS_SF100TCL,WEB_SITE,WEB_MARKET_MANAGER,VARCHAR(40)
SNOWFLAKE_SAMPLE_DATA,TPCDS_SF100TCL,WEB_SITE,WEB_COMPANY_ID,NUMBER(38,0)
SNOWFLAKE_SAMPLE_DATA,TPCDS_SF100TCL,WEB_SITE,WEB_COMPANY_NAME,VARCHAR(50)
SNOWFLAKE_SAMPLE_DATA,TPCDS_SF100TCL,WEB_SITE,WEB_STREET_NUMBER,VARCHAR(10)
SNOWFLAKE_SAMPLE_DATA,TPCDS_SF100TCL,WEB_SITE,WEB_STREET_NAME,VARCHAR(60)
SNOWFLAKE_SAMPLE_DATA,TPCDS_SF100TCL,WEB_SITE,WEB_STREET_TYPE,VARCHAR(15)
SNOWFLAKE_SAMPLE_DATA,TPCDS_SF100TCL,WEB_SITE,WEB_SUITE_NUMBER,VARCHAR(10)
SNOWFLAKE_SAMPLE_DATA,TPCDS_SF100TCL,WEB_SITE,WEB_CITY,VARCHAR(60)
SNOWFLAKE_SAMPLE_DATA,TPCDS_SF100TCL,WEB_SITE,WEB_COUNTY,VARCHAR(30)
SNOWFLAKE_SAMPLE_DATA,TPCDS_SF100TCL,WEB_SITE,WEB_STATE,VARCHAR(2)
SNOWFLAKE_SAMPLE_DATA,TPCDS_SF100TCL,WEB_SITE,WEB_ZIP,VARCHAR(10)
SNOWFLAKE_SAMPLE_DATA,TPCDS_SF100TCL,WEB_SITE,WEB_COUNTRY,VARCHAR(20)
SNOWFLAKE_SAMPLE_DATA,TPCDS_SF100TCL,WEB_SITE,WEB_GMT_OFFSET,NUMBER(5,2)
SNOWFLAKE_SAMPLE_DATA,TPCDS_SF100TCL,WEB_SITE,WEB_TAX_PERCENTAGE,NUMBER(5,2)
SNOWFLAKE_SAMPLE_DATA,TPCDS_SF10TCL,CALL_CENTER,CC_CALL_CENTER_SK,NUMBER(38,0)
SNOWFLAKE_SAMPLE_DATA,TPCDS_SF10TCL,CALL_CENTER,CC_CALL_CENTER_ID,VARCHAR(16)
SNOWFLAKE_SAMPLE_DATA,TPCDS_SF10TCL,CALL_CENTER,CC_REC_START_DATE,DATE
SNOWFLAKE_SAMPLE_DATA,TPCDS_SF10TCL,CALL_CENTER,CC_REC_END_DATE,DATE
SNOWFLAKE_SAMPLE_DATA,TPCDS_SF10TCL,CALL_CENTER,CC_CLOSED_DATE_SK,NUMBER(38,0)
SNOWFLAKE_SAMPLE_DATA,TPCDS_SF10TCL,CALL_CENTER,CC_OPEN_DATE_SK,NUMBER(38,0)
SNOWFLAKE_SAMPLE_DATA,TPCDS_SF10TCL,CALL_CENTER,CC_NAME,VARCHAR(50)
SNOWFLAKE_SAMPLE_DATA,TPCDS_SF10TCL,CALL_CENTER,CC_CLASS,VARCHAR(50)
SNOWFLAKE_SAMPLE_DATA,TPCDS_SF10TCL,CALL_CENTER,CC_EMPLOYEES,NUMBER(38,0)
SNOWFLAKE_SAMPLE_DATA,TPCDS_SF10TCL,CALL_CENTER,CC_SQ_FT,NUMBER(38,0)
SNOWFLAKE_SAMPLE_DATA,TPCDS_SF10TCL,CALL_CENTER,CC_HOURS,VARCHAR(20)
SNOWFLAKE_SAMPLE_DATA,TPCDS_SF10TCL,CALL_CENTER,CC_MANAGER,VARCHAR(40)
SNOWFLAKE_SAMPLE_DATA,TPCDS_SF10TCL,CALL_CENTER,CC_MKT_ID,NUMBER(38,0)
SNOWFLAKE_SAMPLE_DATA,TPCDS_SF10TCL,CALL_CENTER,CC_MKT_CLASS,VARCHAR(50)
SNOWFLAKE_SAMPLE_DATA,TPCDS_SF10TCL,CALL_CENTER,CC_MKT_DESC,VARCHAR(100)
SNOWFLAKE_SAMPLE_DATA,TPCDS_SF10TCL,CALL_CENTER,CC_MARKET_MANAGER,VARCHAR(40)
SNOWFLAKE_SAMPLE_DATA,TPCDS_SF10TCL,CALL_CENTER,CC_DIVISION,NUMBER(38,0)
SNOWFLAKE_SAMPLE_DATA,TPCDS_SF10TCL,CALL_CENTER,CC_DIVISION_NAME,VARCHAR(50)
SNOWFLAKE_SAMPLE_DATA,TPCDS_SF10TCL,CALL_CENTER,CC_COMPANY,NUMBER(38,0)
SNOWFLAKE_SAMPLE_DATA,TPCDS_SF10TCL,CALL_CENTER,CC_COMPANY_NAME,VARCHAR(50)
SNOWFLAKE_SAMPLE_DATA,TPCDS_SF10TCL,CALL_CENTER,CC_STREET_NUMBER,VARCHAR(10)
SNOWFLAKE_SAMPLE_DATA,TPCDS_SF10TCL,CALL_CENTER,CC_STREET_NAME,VARCHAR(60)
SNOWFLAKE_SAMPLE_DATA,TPCDS_SF10TCL,CALL_CENTER,CC_STREET_TYPE,VARCHAR(15)
SNOWFLAKE_SAMPLE_DATA,TPCDS_SF10TCL,CALL_CENTER,CC_SUITE_NUMBER,VARCHAR(10)
SNOWFLAKE_SAMPLE_DATA,TPCDS_SF10TCL,CALL_CENTER,CC_CITY,VARCHAR(60)
SNOWFLAKE_SAMPLE_DATA,TPCDS_SF10TCL,CALL_CENTER,CC_COUNTY,VARCHAR(30)
SNOWFLAKE_SAMPLE_DATA,TPCDS_SF10TCL,CALL_CENTER,CC_STATE,VARCHAR(2)
SNOWFLAKE_SAMPLE_DATA,TPCDS_SF10TCL,CALL_CENTER,CC_ZIP,VARCHAR(10)
SNOWFLAKE_SAMPLE_DATA,TPCDS_SF10TCL,CALL_CENTER,CC_COUNTRY,VARCHAR(20)
SNOWFLAKE_SAMPLE_DATA,TPCDS_SF10TCL,CALL_CENTER,CC_GMT_OFFSET,NUMBER(5,2)
SNOWFLAKE_SAMPLE_DATA,TPCDS_SF10TCL,CALL_CENTER,CC_TAX_PERCENTAGE,NUMBER(5,2)
SNOWFLAKE_SAMPLE_DATA,TPCDS_SF10TCL,CATALOG_PAGE,CP_CATALOG_PAGE_SK,NUMBER(38,0)
SNOWFLAKE_SAMPLE_DATA,TPCDS_SF10TCL,CATALOG_PAGE,CP_CATALOG_PAGE_ID,VARCHAR(16)
SNOWFLAKE_SAMPLE_DATA,TPCDS_SF10TCL,CATALOG_PAGE,CP_START_DATE_SK,NUMBER(38,0)
SNOWFLAKE_SAMPLE_DATA,TPCDS_SF10TCL,CATALOG_PAGE,CP_END_DATE_SK,NUMBER(38,0)
SNOWFLAKE_SAMPLE_DATA,TPCDS_SF10TCL,CATALOG_PAGE,CP_DEPARTMENT,VARCHAR(50)
SNOWFLAKE_SAMPLE_DATA,TPCDS_SF10TCL,CATALOG_PAGE,CP_CATALOG_NUMBER,NUMBER(38,0)
SNOWFLAKE_SAMPLE_DATA,TPCDS_SF10TCL,CATALOG_PAGE,CP_CATALOG_PAGE_NUMBER,NUMBER(38,0)
SNOWFLAKE_SAMPLE_DATA,TPCDS_SF10TCL,CATALOG_PAGE,CP_DESCRIPTION,VARCHAR(100)
SNOWFLAKE_SAMPLE_DATA,TPCDS_SF10TCL,CATALOG_PAGE,CP_TYPE,VARCHAR(100)
SNOWFLAKE_SAMPLE_DATA,TPCDS_SF10TCL,CATALOG_RETURNS,CR_RETURNED_DATE_SK,NUMBER(38,0)
SNOWFLAKE_SAMPLE_DATA,TPCDS_SF10TCL,CATALOG_RETURNS,CR_RETURNED_TIME_SK,NUMBER(38,0)
SNOWFLAKE_SAMPLE_DATA,TPCDS_SF10TCL,CATALOG_RETURNS,CR_ITEM_SK,NUMBER(38,0)
SNOWFLAKE_SAMPLE_DATA,TPCDS_SF10TCL,CATALOG_RETURNS,CR_REFUNDED_CUSTOMER_SK,NUMBER(38,0)
SNOWFLAKE_SAMPLE_DATA,TPCDS_SF10TCL,CATALOG_RETURNS,CR_REFUNDED_CDEMO_SK,NUMBER(38,0)
SNOWFLAKE_SAMPLE_DATA,TPCDS_SF10TCL,CATALOG_RETURNS,CR_REFUNDED_HDEMO_SK,NUMBER(38,0)
SNOWFLAKE_SAMPLE_DATA,TPCDS_SF10TCL,CATALOG_RETURNS,CR_REFUNDED_ADDR_SK,NUMBER(38,0)
SNOWFLAKE_SAMPLE_DATA,TPCDS_SF10TCL,CATALOG_RETURNS,CR_RETURNING_CUSTOMER_SK,NUMBER(38,0)
SNOWFLAKE_SAMPLE_DATA,TPCDS_SF10TCL,CATALOG_RETURNS,CR_RETURNING_CDEMO_SK,NUMBER(38,0)
SNOWFLAKE_SAMPLE_DATA,TPCDS_SF10TCL,CATALOG_RETURNS,CR_RETURNING_HDEMO_SK,NUMBER(38,0)
SNOWFLAKE_SAMPLE_DATA,TPCDS_SF10TCL,CATALOG_RETURNS,CR_RETURNING_ADDR_SK,NUMBER(38,0)
SNOWFLAKE_SAMPLE_DATA,TPCDS_SF10TCL,CATALOG_RETURNS,CR_CALL_CENTER_SK,NUMBER(38,0)
SNOWFLAKE_SAMPLE_DATA,TPCDS_SF10TCL,CATALOG_RETURNS,CR_CATALOG_PAGE_SK,NUMBER(38,0)
SNOWFLAKE_SAMPLE_DATA,TPCDS_SF10TCL,CATALOG_RETURNS,CR_SHIP_MODE_SK,NUMBER(38,0)
SNOWFLAKE_SAMPLE_DATA,TPCDS_SF10TCL,CATALOG_RETURNS,CR_WAREHOUSE_SK,NUMBER(38,0)
SNOWFLAKE_SAMPLE_DATA,TPCDS_SF10TCL,CATALOG_RETURNS,CR_REASON_SK,NUMBER(38,0)
SNOWFLAKE_SAMPLE_DATA,TPCDS_SF10TCL,CATALOG_RETURNS,CR_ORDER_NUMBER,NUMBER(38,0)
SNOWFLAKE_SAMPLE_DATA,TPCDS_SF10TCL,CATALOG_RETURNS,CR_RETURN_QUANTITY,NUMBER(38,0)
SNOWFLAKE_SAMPLE_DATA,TPCDS_SF10TCL,CATALOG_RETURNS,CR_RETURN_AMOUNT,NUMBER(7,2)
SNOWFLAKE_SAMPLE_DATA,TPCDS_SF10TCL,CATALOG_RETURNS,CR_RETURN_TAX,NUMBER(7,2)
SNOWFLAKE_SAMPLE_DATA,TPCDS_SF10TCL,CATALOG_RETURNS,CR_RETURN_AMT_INC_TAX,NUMBER(7,2)
SNOWFLAKE_SAMPLE_DATA,TPCDS_SF10TCL,CATALOG_RETURNS,CR_FEE,NUMBER(7,2)
SNOWFLAKE_SAMPLE_DATA,TPCDS_SF10TCL,CATALOG_RETURNS,CR_RETURN_SHIP_COST,NUMBER(7,2)
SNOWFLAKE_SAMPLE_DATA,TPCDS_SF10TCL,CATALOG_RETURNS,CR_REFUNDED_CASH,NUMBER(7,2)
SNOWFLAKE_SAMPLE_DATA,TPCDS_SF10TCL,CATALOG_RETURNS,CR_REVERSED_CHARGE,NUMBER(7,2)
SNOWFLAKE_SAMPLE_DATA,TPCDS_SF10TCL,CATALOG_RETURNS,CR_STORE_CREDIT,NUMBER(7,2)
SNOWFLAKE_SAMPLE_DATA,TPCDS_SF10TCL,CATALOG_RETURNS,CR_NET_LOSS,NUMBER(7,2)
SNOWFLAKE_SAMPLE_DATA,TPCDS_SF10TCL,CATALOG_SALES,CS_SOLD_DATE_SK,NUMBER(38,0)
SNOWFLAKE_SAMPLE_DATA,TPCDS_SF10TCL,CATALOG_SALES,CS_SOLD_TIME_SK,NUMBER(38,0)
SNOWFLAKE_SAMPLE_DATA,TPCDS_SF10TCL,CATALOG_SALES,CS_SHIP_DATE_SK,NUMBER(38,0)
SNOWFLAKE_SAMPLE_DATA,TPCDS_SF10TCL,CATALOG_SALES,CS_BILL_CUSTOMER_SK,NUMBER(38,0)
SNOWFLAKE_SAMPLE_DATA,TPCDS_SF10TCL,CATALOG_SALES,CS_BILL_CDEMO_SK,NUMBER(38,0)
SNOWFLAKE_SAMPLE_DATA,TPCDS_SF10TCL,CATALOG_SALES,CS_BILL_HDEMO_SK,NUMBER(38,0)
SNOWFLAKE_SAMPLE_DATA,TPCDS_SF10TCL,CATALOG_SALES,CS_BILL_ADDR_SK,NUMBER(38,0)
SNOWFLAKE_SAMPLE_DATA,TPCDS_SF10TCL,CATALOG_SALES,CS_SHIP_CUSTOMER_SK,NUMBER(38,0)
SNOWFLAKE_SAMPLE_DATA,TPCDS_SF10TCL,CATALOG_SALES,CS_SHIP_CDEMO_SK,NUMBER(38,0)
SNOWFLAKE_SAMPLE_DATA,TPCDS_SF10TCL,CATALOG_SALES,CS_SHIP_HDEMO_SK,NUMBER(38,0)
SNOWFLAKE_SAMPLE_DATA,TPCDS_SF10TCL,CATALOG_SALES,CS_SHIP_ADDR_SK,NUMBER(38,0)
SNOWFLAKE_SAMPLE_DATA,TPCDS_SF10TCL,CATALOG_SALES,CS_CALL_CENTER_SK,NUMBER(38,0)
SNOWFLAKE_SAMPLE_DATA,TPCDS_SF10TCL,CATALOG_SALES,CS_CATALOG_PAGE_SK,NUMBER(38,0)
SNOWFLAKE_SAMPLE_DATA,TPCDS_SF10TCL,CATALOG_SALES,CS_SHIP_MODE_SK,NUMBER(38,0)
SNOWFLAKE_SAMPLE_DATA,TPCDS_SF10TCL,CATALOG_SALES,CS_WAREHOUSE_SK,NUMBER(38,0)
SNOWFLAKE_SAMPLE_DATA,TPCDS_SF10TCL,CATALOG_SALES,CS_ITEM_SK,NUMBER(38,0)
SNOWFLAKE_SAMPLE_DATA,TPCDS_SF10TCL,CATALOG_SALES,CS_PROMO_SK,NUMBER(38,0)
SNOWFLAKE_SAMPLE_DATA,TPCDS_SF10TCL,CATALOG_SALES,CS_ORDER_NUMBER,NUMBER(38,0)
SNOWFLAKE_SAMPLE_DATA,TPCDS_SF10TCL,CATALOG_SALES,CS_QUANTITY,NUMBER(38,0)
SNOWFLAKE_SAMPLE_DATA,TPCDS_SF10TCL,CATALOG_SALES,CS_WHOLESALE_COST,NUMBER(7,2)
SNOWFLAKE_SAMPLE_DATA,TPCDS_SF10TCL,CATALOG_SALES,CS_LIST_PRICE,NUMBER(7,2)
SNOWFLAKE_SAMPLE_DATA,TPCDS_SF10TCL,CATALOG_SALES,CS_SALES_PRICE,NUMBER(7,2)
SNOWFLAKE_SAMPLE_DATA,TPCDS_SF10TCL,CATALOG_SALES,CS_EXT_DISCOUNT_AMT,NUMBER(7,2)
SNOWFLAKE_SAMPLE_DATA,TPCDS_SF10TCL,CATALOG_SALES,CS_EXT_SALES_PRICE,NUMBER(7,2)
SNOWFLAKE_SAMPLE_DATA,TPCDS_SF10TCL,CATALOG_SALES,CS_EXT_WHOLESALE_COST,NUMBER(7,2)
SNOWFLAKE_SAMPLE_DATA,TPCDS_SF10TCL,CATALOG_SALES,CS_EXT_LIST_PRICE,NUMBER(7,2)
SNOWFLAKE_SAMPLE_DATA,TPCDS_SF10TCL,CATALOG_SALES,CS_EXT_TAX,NUMBER(7,2)
SNOWFLAKE_SAMPLE_DATA,TPCDS_SF10TCL,CATALOG_SALES,CS_COUPON_AMT,NUMBER(7,2)
SNOWFLAKE_SAMPLE_DATA,TPCDS_SF10TCL,CATALOG_SALES,CS_EXT_SHIP_COST,NUMBER(7,2)
SNOWFLAKE_SAMPLE_DATA,TPCDS_SF10TCL,CATALOG_SALES,CS_NET_PAID,NUMBER(7,2)
SNOWFLAKE_SAMPLE_DATA,TPCDS_SF10TCL,CATALOG_SALES,CS_NET_PAID_INC_TAX,NUMBER(7,2)
SNOWFLAKE_SAMPLE_DATA,TPCDS_SF10TCL,CATALOG_SALES,CS_NET_PAID_INC_SHIP,NUMBER(7,2)
SNOWFLAKE_SAMPLE_DATA,TPCDS_SF10TCL,CATALOG_SALES,CS_NET_PAID_INC_SHIP_TAX,NUMBER(7,2)
SNOWFLAKE_SAMPLE_DATA,TPCDS_SF10TCL,CATALOG_SALES,CS_NET_PROFIT,NUMBER(7,2)
SNOWFLAKE_SAMPLE_DATA,TPCDS_SF10TCL,CUSTOMER,C_CUSTOMER_SK,NUMBER(38,0)
SNOWFLAKE_SAMPLE_DATA,TPCDS_SF10TCL,CUSTOMER,C_CUSTOMER_ID,VARCHAR(16)
SNOWFLAKE_SAMPLE_DATA,TPCDS_SF10TCL,CUSTOMER,C_CURRENT_CDEMO_SK,NUMBER(38,0)
SNOWFLAKE_SAMPLE_DATA,TPCDS_SF10TCL,CUSTOMER,C_CURRENT_HDEMO_SK,NUMBER(38,0)
SNOWFLAKE_SAMPLE_DATA,TPCDS_SF10TCL,CUSTOMER,C_CURRENT_ADDR_SK,NUMBER(38,0)
SNOWFLAKE_SAMPLE_DATA,TPCDS_SF10TCL,CUSTOMER,C_FIRST_SHIPTO_DATE_SK,NUMBER(38,0)
SNOWFLAKE_SAMPLE_DATA,TPCDS_SF10TCL,CUSTOMER,C_FIRST_SALES_DATE_SK,NUMBER(38,0)
SNOWFLAKE_SAMPLE_DATA,TPCDS_SF10TCL,CUSTOMER,C_SALUTATION,VARCHAR(10)
SNOWFLAKE_SAMPLE_DATA,TPCDS_SF10TCL,CUSTOMER,C_FIRST_NAME,VARCHAR(20)
SNOWFLAKE_SAMPLE_DATA,TPCDS_SF10TCL,CUSTOMER,C_LAST_NAME,VARCHAR(30)
SNOWFLAKE_SAMPLE_DATA,TPCDS_SF10TCL,CUSTOMER,C_PREFERRED_CUST_FLAG,VARCHAR(1)
SNOWFLAKE_SAMPLE_DATA,TPCDS_SF10TCL,CUSTOMER,C_BIRTH_DAY,NUMBER(38,0)
SNOWFLAKE_SAMPLE_DATA,TPCDS_SF10TCL,CUSTOMER,C_BIRTH_MONTH,NUMBER(38,0)
SNOWFLAKE_SAMPLE_DATA,TPCDS_SF10TCL,CUSTOMER,C_BIRTH_YEAR,NUMBER(38,0)
SNOWFLAKE_SAMPLE_DATA,TPCDS_SF10TCL,CUSTOMER,C_BIRTH_COUNTRY,VARCHAR(20)
SNOWFLAKE_SAMPLE_DATA,TPCDS_SF10TCL,CUSTOMER,C_LOGIN,VARCHAR(13)
SNOWFLAKE_SAMPLE_DATA,TPCDS_SF10TCL,CUSTOMER,C_EMAIL_ADDRESS,VARCHAR(50)
SNOWFLAKE_SAMPLE_DATA,TPCDS_SF10TCL,CUSTOMER,C_LAST_REVIEW_DATE,VARCHAR(10)
SNOWFLAKE_SAMPLE_DATA,TPCDS_SF10TCL,CUSTOMER_ADDRESS,CA_ADDRESS_SK,NUMBER(38,0)
SNOWFLAKE_SAMPLE_DATA,TPCDS_SF10TCL,CUSTOMER_ADDRESS,CA_ADDRESS_ID,VARCHAR(16)
SNOWFLAKE_SAMPLE_DATA,TPCDS_SF10TCL,CUSTOMER_ADDRESS,CA_STREET_NUMBER,VARCHAR(10)
SNOWFLAKE_SAMPLE_DATA,TPCDS_SF10TCL,CUSTOMER_ADDRESS,CA_STREET_NAME,VARCHAR(60)
SNOWFLAKE_SAMPLE_DATA,TPCDS_SF10TCL,CUSTOMER_ADDRESS,CA_STREET_TYPE,VARCHAR(15)
SNOWFLAKE_SAMPLE_DATA,TPCDS_SF10TCL,CUSTOMER_ADDRESS,CA_SUITE_NUMBER,VARCHAR(10)
SNOWFLAKE_SAMPLE_DATA,TPCDS_SF10TCL,CUSTOMER_ADDRESS,CA_CITY,VARCHAR(60)
SNOWFLAKE_SAMPLE_DATA,TPCDS_SF10TCL,CUSTOMER_ADDRESS,CA_COUNTY,VARCHAR(30)
SNOWFLAKE_SAMPLE_DATA,TPCDS_SF10TCL,CUSTOMER_ADDRESS,CA_STATE,VARCHAR(2)
SNOWFLAKE_SAMPLE_DATA,TPCDS_SF10TCL,CUSTOMER_ADDRESS,CA_ZIP,VARCHAR(10)
SNOWFLAKE_SAMPLE_DATA,TPCDS_SF10TCL,CUSTOMER_ADDRESS,CA_COUNTRY,VARCHAR(20)
SNOWFLAKE_SAMPLE_DATA,TPCDS_SF10TCL,CUSTOMER_ADDRESS,CA_GMT_OFFSET,NUMBER(5,2)
SNOWFLAKE_SAMPLE_DATA,TPCDS_SF10TCL,CUSTOMER_ADDRESS,CA_LOCATION_TYPE,VARCHAR(20)
SNOWFLAKE_SAMPLE_DATA,TPCDS_SF10TCL,CUSTOMER_DEMOGRAPHICS,CD_DEMO_SK,NUMBER(38,0)
SNOWFLAKE_SAMPLE_DATA,TPCDS_SF10TCL,CUSTOMER_DEMOGRAPHICS,CD_GENDER,VARCHAR(1)
SNOWFLAKE_SAMPLE_DATA,TPCDS_SF10TCL,CUSTOMER_DEMOGRAPHICS,CD_MARITAL_STATUS,VARCHAR(1)
SNOWFLAKE_SAMPLE_DATA,TPCDS_SF10TCL,CUSTOMER_DEMOGRAPHICS,CD_EDUCATION_STATUS,VARCHAR(20)
SNOWFLAKE_SAMPLE_DATA,TPCDS_SF10TCL,CUSTOMER_DEMOGRAPHICS,CD_PURCHASE_ESTIMATE,NUMBER(38,0)
SNOWFLAKE_SAMPLE_DATA,TPCDS_SF10TCL,CUSTOMER_DEMOGRAPHICS,CD_CREDIT_RATING,VARCHAR(10)
SNOWFLAKE_SAMPLE_DATA,TPCDS_SF10TCL,CUSTOMER_DEMOGRAPHICS,CD_DEP_COUNT,NUMBER(38,0)
SNOWFLAKE_SAMPLE_DATA,TPCDS_SF10TCL,CUSTOMER_DEMOGRAPHICS,CD_DEP_EMPLOYED_COUNT,NUMBER(38,0)
SNOWFLAKE_SAMPLE_DATA,TPCDS_SF10TCL,CUSTOMER_DEMOGRAPHICS,CD_DEP_COLLEGE_COUNT,NUMBER(38,0)
SNOWFLAKE_SAMPLE_DATA,TPCDS_SF10TCL,DATE_DIM,D_DATE_SK,NUMBER(38,0)
SNOWFLAKE_SAMPLE_DATA,TPCDS_SF10TCL,DATE_DIM,D_DATE_ID,VARCHAR(16)
SNOWFLAKE_SAMPLE_DATA,TPCDS_SF10TCL,DATE_DIM,D_DATE,DATE
SNOWFLAKE_SAMPLE_DATA,TPCDS_SF10TCL,DATE_DIM,D_MONTH_SEQ,NUMBER(38,0)
SNOWFLAKE_SAMPLE_DATA,TPCDS_SF10TCL,DATE_DIM,D_WEEK_SEQ,NUMBER(38,0)
SNOWFLAKE_SAMPLE_DATA,TPCDS_SF10TCL,DATE_DIM,D_QUARTER_SEQ,NUMBER(38,0)
SNOWFLAKE_SAMPLE_DATA,TPCDS_SF10TCL,DATE_DIM,D_YEAR,NUMBER(38,0)
SNOWFLAKE_SAMPLE_DATA,TPCDS_SF10TCL,DATE_DIM,D_DOW,NUMBER(38,0)
SNOWFLAKE_SAMPLE_DATA,TPCDS_SF10TCL,DATE_DIM,D_MOY,NUMBER(38,0)
SNOWFLAKE_SAMPLE_DATA,TPCDS_SF10TCL,DATE_DIM,D_DOM,NUMBER(38,0)
SNOWFLAKE_SAMPLE_DATA,TPCDS_SF10TCL,DATE_DIM,D_QOY,NUMBER(38,0)
SNOWFLAKE_SAMPLE_DATA,TPCDS_SF10TCL,DATE_DIM,D_FY_YEAR,NUMBER(38,0)
SNOWFLAKE_SAMPLE_DATA,TPCDS_SF10TCL,DATE_DIM,D_FY_QUARTER_SEQ,NUMBER(38,0)
SNOWFLAKE_SAMPLE_DATA,TPCDS_SF10TCL,DATE_DIM,D_FY_WEEK_SEQ,NUMBER(38,0)
SNOWFLAKE_SAMPLE_DATA,TPCDS_SF10TCL,DATE_DIM,D_DAY_NAME,VARCHAR(9)
SNOWFLAKE_SAMPLE_DATA,TPCDS_SF10TCL,DATE_DIM,D_QUARTER_NAME,VARCHAR(6)
SNOWFLAKE_SAMPLE_DATA,TPCDS_SF10TCL,DATE_DIM,D_HOLIDAY,VARCHAR(1)
SNOWFLAKE_SAMPLE_DATA,TPCDS_SF10TCL,DATE_DIM,D_WEEKEND,VARCHAR(1)
SNOWFLAKE_SAMPLE_DATA,TPCDS_SF10TCL,DATE_DIM,D_FOLLOWING_HOLIDAY,VARCHAR(1)
SNOWFLAKE_SAMPLE_DATA,TPCDS_SF10TCL,DATE_DIM,D_FIRST_DOM,NUMBER(38,0)
SNOWFLAKE_SAMPLE_DATA,TPCDS_SF10TCL,DATE_DIM,D_LAST_DOM,NUMBER(38,0)
SNOWFLAKE_SAMPLE_DATA,TPCDS_SF10TCL,DATE_DIM,D_SAME_DAY_LY,NUMBER(38,0)
SNOWFLAKE_SAMPLE_DATA,TPCDS_SF10TCL,DATE_DIM,D_SAME_DAY_LQ,NUMBER(38,0)
SNOWFLAKE_SAMPLE_DATA,TPCDS_SF10TCL,DATE_DIM,D_CURRENT_DAY,VARCHAR(1)
SNOWFLAKE_SAMPLE_DATA,TPCDS_SF10TCL,DATE_DIM,D_CURRENT_WEEK,VARCHAR(1)
SNOWFLAKE_SAMPLE_DATA,TPCDS_SF10TCL,DATE_DIM,D_CURRENT_MONTH,VARCHAR(1)
SNOWFLAKE_SAMPLE_DATA,TPCDS_SF10TCL,DATE_DIM,D_CURRENT_QUARTER,VARCHAR(1)
SNOWFLAKE_SAMPLE_DATA,TPCDS_SF10TCL,DATE_DIM,D_CURRENT_YEAR,VARCHAR(1)
SNOWFLAKE_SAMPLE_DATA,TPCDS_SF10TCL,DBGEN_VERSION,DV_VERSION,VARCHAR(16)
SNOWFLAKE_SAMPLE_DATA,TPCDS_SF10TCL,DBGEN_VERSION,DV_CREATE_DATE,DATE
SNOWFLAKE_SAMPLE_DATA,TPCDS_SF10TCL,DBGEN_VERSION,DV_CREATE_TIME,VARCHAR(10)
SNOWFLAKE_SAMPLE_DATA,TPCDS_SF10TCL,DBGEN_VERSION,DV_CMDLINE_ARGS,VARCHAR(200)
SNOWFLAKE_SAMPLE_DATA,TPCDS_SF10TCL,HOUSEHOLD_DEMOGRAPHICS,HD_DEMO_SK,NUMBER(38,0)
SNOWFLAKE_SAMPLE_DATA,TPCDS_SF10TCL,HOUSEHOLD_DEMOGRAPHICS,HD_INCOME_BAND_SK,NUMBER(38,0)
SNOWFLAKE_SAMPLE_DATA,TPCDS_SF10TCL,HOUSEHOLD_DEMOGRAPHICS,HD_BUY_POTENTIAL,VARCHAR(15)
SNOWFLAKE_SAMPLE_DATA,TPCDS_SF10TCL,HOUSEHOLD_DEMOGRAPHICS,HD_DEP_COUNT,NUMBER(38,0)
SNOWFLAKE_SAMPLE_DATA,TPCDS_SF10TCL,HOUSEHOLD_DEMOGRAPHICS,HD_VEHICLE_COUNT,NUMBER(38,0)
SNOWFLAKE_SAMPLE_DATA,TPCDS_SF10TCL,INCOME_BAND,IB_INCOME_BAND_SK,NUMBER(38,0)
SNOWFLAKE_SAMPLE_DATA,TPCDS_SF10TCL,INCOME_BAND,IB_LOWER_BOUND,NUMBER(38,0)
SNOWFLAKE_SAMPLE_DATA,TPCDS_SF10TCL,INCOME_BAND,IB_UPPER_BOUND,NUMBER(38,0)
SNOWFLAKE_SAMPLE_DATA,TPCDS_SF10TCL,INVENTORY,INV_DATE_SK,NUMBER(38,0)
SNOWFLAKE_SAMPLE_DATA,TPCDS_SF10TCL,INVENTORY,INV_ITEM_SK,NUMBER(38,0)
SNOWFLAKE_SAMPLE_DATA,TPCDS_SF10TCL,INVENTORY,INV_WAREHOUSE_SK,NUMBER(38,0)
SNOWFLAKE_SAMPLE_DATA,TPCDS_SF10TCL,INVENTORY,INV_QUANTITY_ON_HAND,NUMBER(38,0)
SNOWFLAKE_SAMPLE_DATA,TPCDS_SF10TCL,ITEM,I_ITEM_SK,NUMBER(38,0)
SNOWFLAKE_SAMPLE_DATA,TPCDS_SF10TCL,ITEM,I_ITEM_ID,VARCHAR(16)
SNOWFLAKE_SAMPLE_DATA,TPCDS_SF10TCL,ITEM,I_REC_START_DATE,DATE
SNOWFLAKE_SAMPLE_DATA,TPCDS_SF10TCL,ITEM,I_REC_END_DATE,DATE
SNOWFLAKE_SAMPLE_DATA,TPCDS_SF10TCL,ITEM,I_ITEM_DESC,VARCHAR(200)
SNOWFLAKE_SAMPLE_DATA,TPCDS_SF10TCL,ITEM,I_CURRENT_PRICE,NUMBER(7,2)
SNOWFLAKE_SAMPLE_DATA,TPCDS_SF10TCL,ITEM,I_WHOLESALE_COST,NUMBER(7,2)
SNOWFLAKE_SAMPLE_DATA,TPCDS_SF10TCL,ITEM,I_BRAND_ID,NUMBER(38,0)
SNOWFLAKE_SAMPLE_DATA,TPCDS_SF10TCL,ITEM,I_BRAND,VARCHAR(50)
SNOWFLAKE_SAMPLE_DATA,TPCDS_SF10TCL,ITEM,I_CLASS_ID,NUMBER(38,0)
SNOWFLAKE_SAMPLE_DATA,TPCDS_SF10TCL,ITEM,I_CLASS,VARCHAR(50)
SNOWFLAKE_SAMPLE_DATA,TPCDS_SF10TCL,ITEM,I_CATEGORY_ID,NUMBER(38,0)
SNOWFLAKE_SAMPLE_DATA,TPCDS_SF10TCL,ITEM,I_CATEGORY,VARCHAR(50)
SNOWFLAKE_SAMPLE_DATA,TPCDS_SF10TCL,ITEM,I_MANUFACT_ID,NUMBER(38,0)
SNOWFLAKE_SAMPLE_DATA,TPCDS_SF10TCL,ITEM,I_MANUFACT,VARCHAR(50)
SNOWFLAKE_SAMPLE_DATA,TPCDS_SF10TCL,ITEM,I_SIZE,VARCHAR(20)
SNOWFLAKE_SAMPLE_DATA,TPCDS_SF10TCL,ITEM,I_FORMULATION,VARCHAR(20)
SNOWFLAKE_SAMPLE_DATA,TPCDS_SF10TCL,ITEM,I_COLOR,VARCHAR(20)
SNOWFLAKE_SAMPLE_DATA,TPCDS_SF10TCL,ITEM,I_UNITS,VARCHAR(10)
SNOWFLAKE_SAMPLE_DATA,TPCDS_SF10TCL,ITEM,I_CONTAINER,VARCHAR(10)
SNOWFLAKE_SAMPLE_DATA,TPCDS_SF10TCL,ITEM,I_MANAGER_ID,NUMBER(38,0)
SNOWFLAKE_SAMPLE_DATA,TPCDS_SF10TCL,ITEM,I_PRODUCT_NAME,VARCHAR(50)
SNOWFLAKE_SAMPLE_DATA,TPCDS_SF10TCL,PROMOTION,P_PROMO_SK,NUMBER(38,0)
SNOWFLAKE_SAMPLE_DATA,TPCDS_SF10TCL,PROMOTION,P_PROMO_ID,VARCHAR(16)
SNOWFLAKE_SAMPLE_DATA,TPCDS_SF10TCL,PROMOTION,P_START_DATE_SK,NUMBER(38,0)
SNOWFLAKE_SAMPLE_DATA,TPCDS_SF10TCL,PROMOTION,P_END_DATE_SK,NUMBER(38,0)
SNOWFLAKE_SAMPLE_DATA,TPCDS_SF10TCL,PROMOTION,P_ITEM_SK,NUMBER(38,0)
SNOWFLAKE_SAMPLE_DATA,TPCDS_SF10TCL,PROMOTION,P_COST,NUMBER(15,2)
SNOWFLAKE_SAMPLE_DATA,TPCDS_SF10TCL,PROMOTION,P_RESPONSE_TARGET,NUMBER(38,0)
SNOWFLAKE_SAMPLE_DATA,TPCDS_SF10TCL,PROMOTION,P_PROMO_NAME,VARCHAR(50)
SNOWFLAKE_SAMPLE_DATA,TPCDS_SF10TCL,PROMOTION,P_CHANNEL_DMAIL,VARCHAR(1)
SNOWFLAKE_SAMPLE_DATA,TPCDS_SF10TCL,PROMOTION,P_CHANNEL_EMAIL,VARCHAR(1)
SNOWFLAKE_SAMPLE_DATA,TPCDS_SF10TCL,PROMOTION,P_CHANNEL_CATALOG,VARCHAR(1)
SNOWFLAKE_SAMPLE_DATA,TPCDS_SF10TCL,PROMOTION,P_CHANNEL_TV,VARCHAR(1)
SNOWFLAKE_SAMPLE_DATA,TPCDS_SF10TCL,PROMOTION,P_CHANNEL_RADIO,VARCHAR(1)
SNOWFLAKE_SAMPLE_DATA,TPCDS_SF10TCL,PROMOTION,P_CHANNEL_PRESS,VARCHAR(1)
SNOWFLAKE_SAMPLE_DATA,TPCDS_SF10TCL,PROMOTION,P_CHANNEL_EVENT,VARCHAR(1)
SNOWFLAKE_SAMPLE_DATA,TPCDS_SF10TCL,PROMOTION,P_CHANNEL_DEMO,VARCHAR(1)
SNOWFLAKE_SAMPLE_DATA,TPCDS_SF10TCL,PROMOTION,P_CHANNEL_DETAILS,VARCHAR(100)
SNOWFLAKE_SAMPLE_DATA,TPCDS_SF10TCL,PROMOTION,P_PURPOSE,VARCHAR(15)
SNOWFLAKE_SAMPLE_DATA,TPCDS_SF10TCL,PROMOTION,P_DISCOUNT_ACTIVE,VARCHAR(1)
SNOWFLAKE_SAMPLE_DATA,TPCDS_SF10TCL,REASON,R_REASON_SK,NUMBER(38,0)
SNOWFLAKE_SAMPLE_DATA,TPCDS_SF10TCL,REASON,R_REASON_ID,VARCHAR(16)
SNOWFLAKE_SAMPLE_DATA,TPCDS_SF10TCL,REASON,R_REASON_DESC,VARCHAR(100)
SNOWFLAKE_SAMPLE_DATA,TPCDS_SF10TCL,SHIP_MODE,SM_SHIP_MODE_SK,NUMBER(38,0)
SNOWFLAKE_SAMPLE_DATA,TPCDS_SF10TCL,SHIP_MODE,SM_SHIP_MODE_ID,VARCHAR(16)
SNOWFLAKE_SAMPLE_DATA,TPCDS_SF10TCL,SHIP_MODE,SM_TYPE,VARCHAR(30)
SNOWFLAKE_SAMPLE_DATA,TPCDS_SF10TCL,SHIP_MODE,SM_CODE,VARCHAR(10)
SNOWFLAKE_SAMPLE_DATA,TPCDS_SF10TCL,SHIP_MODE,SM_CARRIER,VARCHAR(20)
SNOWFLAKE_SAMPLE_DATA,TPCDS_SF10TCL,SHIP_MODE,SM_CONTRACT,VARCHAR(20)
SNOWFLAKE_SAMPLE_DATA,TPCDS_SF10TCL,STORE,S_STORE_SK,NUMBER(38,0)
SNOWFLAKE_SAMPLE_DATA,TPCDS_SF10TCL,STORE,S_STORE_ID,VARCHAR(16)
SNOWFLAKE_SAMPLE_DATA,TPCDS_SF10TCL,STORE,S_REC_START_DATE,DATE
SNOWFLAKE_SAMPLE_DATA,TPCDS_SF10TCL,STORE,S_REC_END_DATE,DATE
SNOWFLAKE_SAMPLE_DATA,TPCDS_SF10TCL,STORE,S_CLOSED_DATE_SK,NUMBER(38,0)
SNOWFLAKE_SAMPLE_DATA,TPCDS_SF10TCL,STORE,S_STORE_NAME,VARCHAR(50)
SNOWFLAKE_SAMPLE_DATA,TPCDS_SF10TCL,STORE,S_NUMBER_EMPLOYEES,NUMBER(38,0)
SNOWFLAKE_SAMPLE_DATA,TPCDS_SF10TCL,STORE,S_FLOOR_SPACE,NUMBER(38,0)
SNOWFLAKE_SAMPLE_DATA,TPCDS_SF10TCL,STORE,S_HOURS,VARCHAR(20)
SNOWFLAKE_SAMPLE_DATA,TPCDS_SF10TCL,STORE,S_MANAGER,VARCHAR(40)
SNOWFLAKE_SAMPLE_DATA,TPCDS_SF10TCL,STORE,S_MARKET_ID,NUMBER(38,0)
SNOWFLAKE_SAMPLE_DATA,TPCDS_SF10TCL,STORE,S_GEOGRAPHY_CLASS,VARCHAR(100)
SNOWFLAKE_SAMPLE_DATA,TPCDS_SF10TCL,STORE,S_MARKET_DESC,VARCHAR(100)
SNOWFLAKE_SAMPLE_DATA,TPCDS_SF10TCL,STORE,S_MARKET_MANAGER,VARCHAR(40)
SNOWFLAKE_SAMPLE_DATA,TPCDS_SF10TCL,STORE,S_DIVISION_ID,NUMBER(38,0)
SNOWFLAKE_SAMPLE_DATA,TPCDS_SF10TCL,STORE,S_DIVISION_NAME,VARCHAR(50)
SNOWFLAKE_SAMPLE_DATA,TPCDS_SF10TCL,STORE,S_COMPANY_ID,NUMBER(38,0)
SNOWFLAKE_SAMPLE_DATA,TPCDS_SF10TCL,STORE,S_COMPANY_NAME,VARCHAR(50)
SNOWFLAKE_SAMPLE_DATA,TPCDS_SF10TCL,STORE,S_STREET_NUMBER,VARCHAR(10)
SNOWFLAKE_SAMPLE_DATA,TPCDS_SF10TCL,STORE,S_STREET_NAME,VARCHAR(60)
SNOWFLAKE_SAMPLE_DATA,TPCDS_SF10TCL,STORE,S_STREET_TYPE,VARCHAR(15)
SNOWFLAKE_SAMPLE_DATA,TPCDS_SF10TCL,STORE,S_SUITE_NUMBER,VARCHAR(10)
SNOWFLAKE_SAMPLE_DATA,TPCDS_SF10TCL,STORE,S_CITY,VARCHAR(60)
SNOWFLAKE_SAMPLE_DATA,TPCDS_SF10TCL,STORE,S_COUNTY,VARCHAR(30)
SNOWFLAKE_SAMPLE_DATA,TPCDS_SF10TCL,STORE,S_STATE,VARCHAR(2)
SNOWFLAKE_SAMPLE_DATA,TPCDS_SF10TCL,STORE,S_ZIP,VARCHAR(10)
SNOWFLAKE_SAMPLE_DATA,TPCDS_SF10TCL,STORE,S_COUNTRY,VARCHAR(20)
SNOWFLAKE_SAMPLE_DATA,TPCDS_SF10TCL,STORE,S_GMT_OFFSET,NUMBER(5,2)
SNOWFLAKE_SAMPLE_DATA,TPCDS_SF10TCL,STORE,S_TAX_PRECENTAGE,NUMBER(5,2)
SNOWFLAKE_SAMPLE_DATA,TPCDS_SF10TCL,STORE_RETURNS,SR_RETURNED_DATE_SK,NUMBER(38,0)
SNOWFLAKE_SAMPLE_DATA,TPCDS_SF10TCL,STORE_RETURNS,SR_RETURN_TIME_SK,NUMBER(38,0)
SNOWFLAKE_SAMPLE_DATA,TPCDS_SF10TCL,STORE_RETURNS,SR_ITEM_SK,NUMBER(38,0)
SNOWFLAKE_SAMPLE_DATA,TPCDS_SF10TCL,STORE_RETURNS,SR_CUSTOMER_SK,NUMBER(38,0)
SNOWFLAKE_SAMPLE_DATA,TPCDS_SF10TCL,STORE_RETURNS,SR_CDEMO_SK,NUMBER(38,0)
SNOWFLAKE_SAMPLE_DATA,TPCDS_SF10TCL,STORE_RETURNS,SR_HDEMO_SK,NUMBER(38,0)
SNOWFLAKE_SAMPLE_DATA,TPCDS_SF10TCL,STORE_RETURNS,SR_ADDR_SK,NUMBER(38,0)
SNOWFLAKE_SAMPLE_DATA,TPCDS_SF10TCL,STORE_RETURNS,SR_STORE_SK,NUMBER(38,0)
SNOWFLAKE_SAMPLE_DATA,TPCDS_SF10TCL,STORE_RETURNS,SR_REASON_SK,NUMBER(38,0)
SNOWFLAKE_SAMPLE_DATA,TPCDS_SF10TCL,STORE_RETURNS,SR_TICKET_NUMBER,NUMBER(38,0)
SNOWFLAKE_SAMPLE_DATA,TPCDS_SF10TCL,STORE_RETURNS,SR_RETURN_QUANTITY,NUMBER(38,0)
SNOWFLAKE_SAMPLE_DATA,TPCDS_SF10TCL,STORE_RETURNS,SR_RETURN_AMT,NUMBER(7,2)
SNOWFLAKE_SAMPLE_DATA,TPCDS_SF10TCL,STORE_RETURNS,SR_RETURN_TAX,NUMBER(7,2)
SNOWFLAKE_SAMPLE_DATA,TPCDS_SF10TCL,STORE_RETURNS,SR_RETURN_AMT_INC_TAX,NUMBER(7,2)
SNOWFLAKE_SAMPLE_DATA,TPCDS_SF10TCL,STORE_RETURNS,SR_FEE,NUMBER(7,2)
SNOWFLAKE_SAMPLE_DATA,TPCDS_SF10TCL,STORE_RETURNS,SR_RETURN_SHIP_COST,NUMBER(7,2)
SNOWFLAKE_SAMPLE_DATA,TPCDS_SF10TCL,STORE_RETURNS,SR_REFUNDED_CASH,NUMBER(7,2)
SNOWFLAKE_SAMPLE_DATA,TPCDS_SF10TCL,STORE_RETURNS,SR_REVERSED_CHARGE,NUMBER(7,2)
SNOWFLAKE_SAMPLE_DATA,TPCDS_SF10TCL,STORE_RETURNS,SR_STORE_CREDIT,NUMBER(7,2)
SNOWFLAKE_SAMPLE_DATA,TPCDS_SF10TCL,STORE_RETURNS,SR_NET_LOSS,NUMBER(7,2)
SNOWFLAKE_SAMPLE_DATA,TPCDS_SF10TCL,STORE_SALES,SS_SOLD_DATE_SK,NUMBER(38,0)
SNOWFLAKE_SAMPLE_DATA,TPCDS_SF10TCL,STORE_SALES,SS_SOLD_TIME_SK,NUMBER(38,0)
SNOWFLAKE_SAMPLE_DATA,TPCDS_SF10TCL,STORE_SALES,SS_ITEM_SK,NUMBER(38,0)
SNOWFLAKE_SAMPLE_DATA,TPCDS_SF10TCL,STORE_SALES,SS_CUSTOMER_SK,NUMBER(38,0)
SNOWFLAKE_SAMPLE_DATA,TPCDS_SF10TCL,STORE_SALES,SS_CDEMO_SK,NUMBER(38,0)
SNOWFLAKE_SAMPLE_DATA,TPCDS_SF10TCL,STORE_SALES,SS_HDEMO_SK,NUMBER(38,0)
SNOWFLAKE_SAMPLE_DATA,TPCDS_SF10TCL,STORE_SALES,SS_ADDR_SK,NUMBER(38,0)
SNOWFLAKE_SAMPLE_DATA,TPCDS_SF10TCL,STORE_SALES,SS_STORE_SK,NUMBER(38,0)
SNOWFLAKE_SAMPLE_DATA,TPCDS_SF10TCL,STORE_SALES,SS_PROMO_SK,NUMBER(38,0)
SNOWFLAKE_SAMPLE_DATA,TPCDS_SF10TCL,STORE_SALES,SS_TICKET_NUMBER,NUMBER(38,0)
SNOWFLAKE_SAMPLE_DATA,TPCDS_SF10TCL,STORE_SALES,SS_QUANTITY,NUMBER(38,0)
SNOWFLAKE_SAMPLE_DATA,TPCDS_SF10TCL,STORE_SALES,SS_WHOLESALE_COST,NUMBER(7,2)
SNOWFLAKE_SAMPLE_DATA,TPCDS_SF10TCL,STORE_SALES,SS_LIST_PRICE,NUMBER(7,2)
SNOWFLAKE_SAMPLE_DATA,TPCDS_SF10TCL,STORE_SALES,SS_SALES_PRICE,NUMBER(7,2)
SNOWFLAKE_SAMPLE_DATA,TPCDS_SF10TCL,STORE_SALES,SS_EXT_DISCOUNT_AMT,NUMBER(7,2)
SNOWFLAKE_SAMPLE_DATA,TPCDS_SF10TCL,STORE_SALES,SS_EXT_SALES_PRICE,NUMBER(7,2)
SNOWFLAKE_SAMPLE_DATA,TPCDS_SF10TCL,STORE_SALES,SS_EXT_WHOLESALE_COST,NUMBER(7,2)
SNOWFLAKE_SAMPLE_DATA,TPCDS_SF10TCL,STORE_SALES,SS_EXT_LIST_PRICE,NUMBER(7,2)
SNOWFLAKE_SAMPLE_DATA,TPCDS_SF10TCL,STORE_SALES,SS_EXT_TAX,NUMBER(7,2)
SNOWFLAKE_SAMPLE_DATA,TPCDS_SF10TCL,STORE_SALES,SS_COUPON_AMT,NUMBER(7,2)
SNOWFLAKE_SAMPLE_DATA,TPCDS_SF10TCL,STORE_SALES,SS_NET_PAID,NUMBER(7,2)
SNOWFLAKE_SAMPLE_DATA,TPCDS_SF10TCL,STORE_SALES,SS_NET_PAID_INC_TAX,NUMBER(7,2)
SNOWFLAKE_SAMPLE_DATA,TPCDS_SF10TCL,STORE_SALES,SS_NET_PROFIT,NUMBER(7,2)
SNOWFLAKE_SAMPLE_DATA,TPCDS_SF10TCL,TIME_DIM,T_TIME_SK,NUMBER(38,0)
SNOWFLAKE_SAMPLE_DATA,TPCDS_SF10TCL,TIME_DIM,T_TIME_ID,VARCHAR(16)
SNOWFLAKE_SAMPLE_DATA,TPCDS_SF10TCL,TIME_DIM,T_TIME,NUMBER(38,0)
SNOWFLAKE_SAMPLE_DATA,TPCDS_SF10TCL,TIME_DIM,T_HOUR,NUMBER(38,0)
SNOWFLAKE_SAMPLE_DATA,TPCDS_SF10TCL,TIME_DIM,T_MINUTE,NUMBER(38,0)
SNOWFLAKE_SAMPLE_DATA,TPCDS_SF10TCL,TIME_DIM,T_SECOND,NUMBER(38,0)
SNOWFLAKE_SAMPLE_DATA,TPCDS_SF10TCL,TIME_DIM,T_AM_PM,VARCHAR(2)
SNOWFLAKE_SAMPLE_DATA,TPCDS_SF10TCL,TIME_DIM,T_SHIFT,VARCHAR(20)
SNOWFLAKE_SAMPLE_DATA,TPCDS_SF10TCL,TIME_DIM,T_SUB_SHIFT,VARCHAR(20)
SNOWFLAKE_SAMPLE_DATA,TPCDS_SF10TCL,TIME_DIM,T_MEAL_TIME,VARCHAR(20)
SNOWFLAKE_SAMPLE_DATA,TPCDS_SF10TCL,WAREHOUSE,W_WAREHOUSE_SK,NUMBER(38,0)
SNOWFLAKE_SAMPLE_DATA,TPCDS_SF10TCL,WAREHOUSE,W_WAREHOUSE_ID,VARCHAR(16)
SNOWFLAKE_SAMPLE_DATA,TPCDS_SF10TCL,WAREHOUSE,W_WAREHOUSE_NAME,VARCHAR(20)
SNOWFLAKE_SAMPLE_DATA,TPCDS_SF10TCL,WAREHOUSE,W_WAREHOUSE_SQ_FT,NUMBER(38,0)
SNOWFLAKE_SAMPLE_DATA,TPCDS_SF10TCL,WAREHOUSE,W_STREET_NUMBER,VARCHAR(10)
SNOWFLAKE_SAMPLE_DATA,TPCDS_SF10TCL,WAREHOUSE,W_STREET_NAME,VARCHAR(60)
SNOWFLAKE_SAMPLE_DATA,TPCDS_SF10TCL,WAREHOUSE,W_STREET_TYPE,VARCHAR(15)
SNOWFLAKE_SAMPLE_DATA,TPCDS_SF10TCL,WAREHOUSE,W_SUITE_NUMBER,VARCHAR(10)
SNOWFLAKE_SAMPLE_DATA,TPCDS_SF10TCL,WAREHOUSE,W_CITY,VARCHAR(60)
SNOWFLAKE_SAMPLE_DATA,TPCDS_SF10TCL,WAREHOUSE,W_COUNTY,VARCHAR(30)
SNOWFLAKE_SAMPLE_DATA,TPCDS_SF10TCL,WAREHOUSE,W_STATE,VARCHAR(2)
SNOWFLAKE_SAMPLE_DATA,TPCDS_SF10TCL,WAREHOUSE,W_ZIP,VARCHAR(10)
SNOWFLAKE_SAMPLE_DATA,TPCDS_SF10TCL,WAREHOUSE,W_COUNTRY,VARCHAR(20)
SNOWFLAKE_SAMPLE_DATA,TPCDS_SF10TCL,WAREHOUSE,W_GMT_OFFSET,NUMBER(5,2)
SNOWFLAKE_SAMPLE_DATA,TPCDS_SF10TCL,WEB_PAGE,WP_WEB_PAGE_SK,NUMBER(38,0)
SNOWFLAKE_SAMPLE_DATA,TPCDS_SF10TCL,WEB_PAGE,WP_WEB_PAGE_ID,VARCHAR(16)
SNOWFLAKE_SAMPLE_DATA,TPCDS_SF10TCL,WEB_PAGE,WP_REC_START_DATE,DATE
SNOWFLAKE_SAMPLE_DATA,TPCDS_SF10TCL,WEB_PAGE,WP_REC_END_DATE,DATE
SNOWFLAKE_SAMPLE_DATA,TPCDS_SF10TCL,WEB_PAGE,WP_CREATION_DATE_SK,NUMBER(38,0)
SNOWFLAKE_SAMPLE_DATA,TPCDS_SF10TCL,WEB_PAGE,WP_ACCESS_DATE_SK,NUMBER(38,0)
SNOWFLAKE_SAMPLE_DATA,TPCDS_SF10TCL,WEB_PAGE,WP_AUTOGEN_FLAG,VARCHAR(1)
SNOWFLAKE_SAMPLE_DATA,TPCDS_SF10TCL,WEB_PAGE,WP_CUSTOMER_SK,NUMBER(38,0)
SNOWFLAKE_SAMPLE_DATA,TPCDS_SF10TCL,WEB_PAGE,WP_URL,VARCHAR(100)
SNOWFLAKE_SAMPLE_DATA,TPCDS_SF10TCL,WEB_PAGE,WP_TYPE,VARCHAR(50)
SNOWFLAKE_SAMPLE_DATA,TPCDS_SF10TCL,WEB_PAGE,WP_CHAR_COUNT,NUMBER(38,0)
SNOWFLAKE_SAMPLE_DATA,TPCDS_SF10TCL,WEB_PAGE,WP_LINK_COUNT,NUMBER(38,0)
SNOWFLAKE_SAMPLE_DATA,TPCDS_SF10TCL,WEB_PAGE,WP_IMAGE_COUNT,NUMBER(38,0)
SNOWFLAKE_SAMPLE_DATA,TPCDS_SF10TCL,WEB_PAGE,WP_MAX_AD_COUNT,NUMBER(38,0)
SNOWFLAKE_SAMPLE_DATA,TPCDS_SF10TCL,WEB_RETURNS,WR_RETURNED_DATE_SK,NUMBER(38,0)
SNOWFLAKE_SAMPLE_DATA,TPCDS_SF10TCL,WEB_RETURNS,WR_RETURNED_TIME_SK,NUMBER(38,0)
SNOWFLAKE_SAMPLE_DATA,TPCDS_SF10TCL,WEB_RETURNS,WR_ITEM_SK,NUMBER(38,0)
SNOWFLAKE_SAMPLE_DATA,TPCDS_SF10TCL,WEB_RETURNS,WR_REFUNDED_CUSTOMER_SK,NUMBER(38,0)
SNOWFLAKE_SAMPLE_DATA,TPCDS_SF10TCL,WEB_RETURNS,WR_REFUNDED_CDEMO_SK,NUMBER(38,0)
SNOWFLAKE_SAMPLE_DATA,TPCDS_SF10TCL,WEB_RETURNS,WR_REFUNDED_HDEMO_SK,NUMBER(38,0)
SNOWFLAKE_SAMPLE_DATA,TPCDS_SF10TCL,WEB_RETURNS,WR_REFUNDED_ADDR_SK,NUMBER(38,0)
SNOWFLAKE_SAMPLE_DATA,TPCDS_SF10TCL,WEB_RETURNS,WR_RETURNING_CUSTOMER_SK,NUMBER(38,0)
SNOWFLAKE_SAMPLE_DATA,TPCDS_SF10TCL,WEB_RETURNS,WR_RETURNING_CDEMO_SK,NUMBER(38,0)
SNOWFLAKE_SAMPLE_DATA,TPCDS_SF10TCL,WEB_RETURNS,WR_RETURNING_HDEMO_SK,NUMBER(38,0)
SNOWFLAKE_SAMPLE_DATA,TPCDS_SF10TCL,WEB_RETURNS,WR_RETURNING_ADDR_SK,NUMBER(38,0)
SNOWFLAKE_SAMPLE_DATA,TPCDS_SF10TCL,WEB_RETURNS,WR_WEB_PAGE_SK,NUMBER(38,0)
SNOWFLAKE_SAMPLE_DATA,TPCDS_SF10TCL,WEB_RETURNS,WR_REASON_SK,NUMBER(38,0)
SNOWFLAKE_SAMPLE_DATA,TPCDS_SF10TCL,WEB_RETURNS,WR_ORDER_NUMBER,NUMBER(38,0)
SNOWFLAKE_SAMPLE_DATA,TPCDS_SF10TCL,WEB_RETURNS,WR_RETURN_QUANTITY,NUMBER(38,0)
SNOWFLAKE_SAMPLE_DATA,TPCDS_SF10TCL,WEB_RETURNS,WR_RETURN_AMT,NUMBER(7,2)
SNOWFLAKE_SAMPLE_DATA,TPCDS_SF10TCL,WEB_RETURNS,WR_RETURN_TAX,NUMBER(7,2)
SNOWFLAKE_SAMPLE_DATA,TPCDS_SF10TCL,WEB_RETURNS,WR_RETURN_AMT_INC_TAX,NUMBER(7,2)
SNOWFLAKE_SAMPLE_DATA,TPCDS_SF10TCL,WEB_RETURNS,WR_FEE,NUMBER(7,2)
SNOWFLAKE_SAMPLE_DATA,TPCDS_SF10TCL,WEB_RETURNS,WR_RETURN_SHIP_COST,NUMBER(7,2)
SNOWFLAKE_SAMPLE_DATA,TPCDS_SF10TCL,WEB_RETURNS,WR_REFUNDED_CASH,NUMBER(7,2)
SNOWFLAKE_SAMPLE_DATA,TPCDS_SF10TCL,WEB_RETURNS,WR_REVERSED_CHARGE,NUMBER(7,2)
SNOWFLAKE_SAMPLE_DATA,TPCDS_SF10TCL,WEB_RETURNS,WR_ACCOUNT_CREDIT,NUMBER(7,2)
SNOWFLAKE_SAMPLE_DATA,TPCDS_SF10TCL,WEB_RETURNS,WR_NET_LOSS,NUMBER(7,2)
SNOWFLAKE_SAMPLE_DATA,TPCDS_SF10TCL,WEB_SALES,WS_SOLD_DATE_SK,NUMBER(38,0)
SNOWFLAKE_SAMPLE_DATA,TPCDS_SF10TCL,WEB_SALES,WS_SOLD_TIME_SK,NUMBER(38,0)
SNOWFLAKE_SAMPLE_DATA,TPCDS_SF10TCL,WEB_SALES,WS_SHIP_DATE_SK,NUMBER(38,0)
SNOWFLAKE_SAMPLE_DATA,TPCDS_SF10TCL,WEB_SALES,WS_ITEM_SK,NUMBER(38,0)
SNOWFLAKE_SAMPLE_DATA,TPCDS_SF10TCL,WEB_SALES,WS_BILL_CUSTOMER_SK,NUMBER(38,0)
SNOWFLAKE_SAMPLE_DATA,TPCDS_SF10TCL,WEB_SALES,WS_BILL_CDEMO_SK,NUMBER(38,0)
SNOWFLAKE_SAMPLE_DATA,TPCDS_SF10TCL,WEB_SALES,WS_BILL_HDEMO_SK,NUMBER(38,0)
SNOWFLAKE_SAMPLE_DATA,TPCDS_SF10TCL,WEB_SALES,WS_BILL_ADDR_SK,NUMBER(38,0)
SNOWFLAKE_SAMPLE_DATA,TPCDS_SF10TCL,WEB_SALES,WS_SHIP_CUSTOMER_SK,NUMBER(38,0)
SNOWFLAKE_SAMPLE_DATA,TPCDS_SF10TCL,WEB_SALES,WS_SHIP_CDEMO_SK,NUMBER(38,0)
SNOWFLAKE_SAMPLE_DATA,TPCDS_SF10TCL,WEB_SALES,WS_SHIP_HDEMO_SK,NUMBER(38,0)
SNOWFLAKE_SAMPLE_DATA,TPCDS_SF10TCL,WEB_SALES,WS_SHIP_ADDR_SK,NUMBER(38,0)
SNOWFLAKE_SAMPLE_DATA,TPCDS_SF10TCL,WEB_SALES,WS_WEB_PAGE_SK,NUMBER(38,0)
SNOWFLAKE_SAMPLE_DATA,TPCDS_SF10TCL,WEB_SALES,WS_WEB_SITE_SK,NUMBER(38,0)
SNOWFLAKE_SAMPLE_DATA,TPCDS_SF10TCL,WEB_SALES,WS_SHIP_MODE_SK,NUMBER(38,0)
SNOWFLAKE_SAMPLE_DATA,TPCDS_SF10TCL,WEB_SALES,WS_WAREHOUSE_SK,NUMBER(38,0)
SNOWFLAKE_SAMPLE_DATA,TPCDS_SF10TCL,WEB_SALES,WS_PROMO_SK,NUMBER(38,0)
SNOWFLAKE_SAMPLE_DATA,TPCDS_SF10TCL,WEB_SALES,WS_ORDER_NUMBER,NUMBER(38,0)
SNOWFLAKE_SAMPLE_DATA,TPCDS_SF10TCL,WEB_SALES,WS_QUANTITY,NUMBER(38,0)
SNOWFLAKE_SAMPLE_DATA,TPCDS_SF10TCL,WEB_SALES,WS_WHOLESALE_COST,NUMBER(7,2)
SNOWFLAKE_SAMPLE_DATA,TPCDS_SF10TCL,WEB_SALES,WS_LIST_PRICE,NUMBER(7,2)
SNOWFLAKE_SAMPLE_DATA,TPCDS_SF10TCL,WEB_SALES,WS_SALES_PRICE,NUMBER(7,2)
SNOWFLAKE_SAMPLE_DATA,TPCDS_SF10TCL,WEB_SALES,WS_EXT_DISCOUNT_AMT,NUMBER(7,2)
SNOWFLAKE_SAMPLE_DATA,TPCDS_SF10TCL,WEB_SALES,WS_EXT_SALES_PRICE,NUMBER(7,2)
SNOWFLAKE_SAMPLE_DATA,TPCDS_SF10TCL,WEB_SALES,WS_EXT_WHOLESALE_COST,NUMBER(7,2)
SNOWFLAKE_SAMPLE_DATA,TPCDS_SF10TCL,WEB_SALES,WS_EXT_LIST_PRICE,NUMBER(7,2)
SNOWFLAKE_SAMPLE_DATA,TPCDS_SF10TCL,WEB_SALES,WS_EXT_TAX,NUMBER(7,2)
SNOWFLAKE_SAMPLE_DATA,TPCDS_SF10TCL,WEB_SALES,WS_COUPON_AMT,NUMBER(7,2)
SNOWFLAKE_SAMPLE_DATA,TPCDS_SF10TCL,WEB_SALES,WS_EXT_SHIP_COST,NUMBER(7,2)
SNOWFLAKE_SAMPLE_DATA,TPCDS_SF10TCL,WEB_SALES,WS_NET_PAID,NUMBER(7,2)
SNOWFLAKE_SAMPLE_DATA,TPCDS_SF10TCL,WEB_SALES,WS_NET_PAID_INC_TAX,NUMBER(7,2)
SNOWFLAKE_SAMPLE_DATA,TPCDS_SF10TCL,WEB_SALES,WS_NET_PAID_INC_SHIP,NUMBER(7,2)
SNOWFLAKE_SAMPLE_DATA,TPCDS_SF10TCL,WEB_SALES,WS_NET_PAID_INC_SHIP_TAX,NUMBER(7,2)
SNOWFLAKE_SAMPLE_DATA,TPCDS_SF10TCL,WEB_SALES,WS_NET_PROFIT,NUMBER(7,2)
SNOWFLAKE_SAMPLE_DATA,TPCDS_SF10TCL,WEB_SITE,WEB_SITE_SK,NUMBER(38,0)
SNOWFLAKE_SAMPLE_DATA,TPCDS_SF10TCL,WEB_SITE,WEB_SITE_ID,VARCHAR(16)
SNOWFLAKE_SAMPLE_DATA,TPCDS_SF10TCL,WEB_SITE,WEB_REC_START_DATE,DATE
SNOWFLAKE_SAMPLE_DATA,TPCDS_SF10TCL,WEB_SITE,WEB_REC_END_DATE,DATE
SNOWFLAKE_SAMPLE_DATA,TPCDS_SF10TCL,WEB_SITE,WEB_NAME,VARCHAR(50)
SNOWFLAKE_SAMPLE_DATA,TPCDS_SF10TCL,WEB_SITE,WEB_OPEN_DATE_SK,NUMBER(38,0)
SNOWFLAKE_SAMPLE_DATA,TPCDS_SF10TCL,WEB_SITE,WEB_CLOSE_DATE_SK,NUMBER(38,0)
SNOWFLAKE_SAMPLE_DATA,TPCDS_SF10TCL,WEB_SITE,WEB_CLASS,VARCHAR(50)
SNOWFLAKE_SAMPLE_DATA,TPCDS_SF10TCL,WEB_SITE,WEB_MANAGER,VARCHAR(40)
SNOWFLAKE_SAMPLE_DATA,TPCDS_SF10TCL,WEB_SITE,WEB_MKT_ID,NUMBER(38,0)
SNOWFLAKE_SAMPLE_DATA,TPCDS_SF10TCL,WEB_SITE,WEB_MKT_CLASS,VARCHAR(50)
SNOWFLAKE_SAMPLE_DATA,TPCDS_SF10TCL,WEB_SITE,WEB_MKT_DESC,VARCHAR(100)
SNOWFLAKE_SAMPLE_DATA,TPCDS_SF10TCL,WEB_SITE,WEB_MARKET_MANAGER,VARCHAR(40)
SNOWFLAKE_SAMPLE_DATA,TPCDS_SF10TCL,WEB_SITE,WEB_COMPANY_ID,NUMBER(38,0)
SNOWFLAKE_SAMPLE_DATA,TPCDS_SF10TCL,WEB_SITE,WEB_COMPANY_NAME,VARCHAR(50)
SNOWFLAKE_SAMPLE_DATA,TPCDS_SF10TCL,WEB_SITE,WEB_STREET_NUMBER,VARCHAR(10)
SNOWFLAKE_SAMPLE_DATA,TPCDS_SF10TCL,WEB_SITE,WEB_STREET_NAME,VARCHAR(60)
SNOWFLAKE_SAMPLE_DATA,TPCDS_SF10TCL,WEB_SITE,WEB_STREET_TYPE,VARCHAR(15)
SNOWFLAKE_SAMPLE_DATA,TPCDS_SF10TCL,WEB_SITE,WEB_SUITE_NUMBER,VARCHAR(10)
SNOWFLAKE_SAMPLE_DATA,TPCDS_SF10TCL,WEB_SITE,WEB_CITY,VARCHAR(60)
SNOWFLAKE_SAMPLE_DATA,TPCDS_SF10TCL,WEB_SITE,WEB_COUNTY,VARCHAR(30)
SNOWFLAKE_SAMPLE_DATA,TPCDS_SF10TCL,WEB_SITE,WEB_STATE,VARCHAR(2)
SNOWFLAKE_SAMPLE_DATA,TPCDS_SF10TCL,WEB_SITE,WEB_ZIP,VARCHAR(10)
SNOWFLAKE_SAMPLE_DATA,TPCDS_SF10TCL,WEB_SITE,WEB_COUNTRY,VARCHAR(20)
SNOWFLAKE_SAMPLE_DATA,TPCDS_SF10TCL,WEB_SITE,WEB_GMT_OFFSET,NUMBER(5,2)
SNOWFLAKE_SAMPLE_DATA,TPCDS_SF10TCL,WEB_SITE,WEB_TAX_PERCENTAGE,NUMBER(5,2)
SNOWFLAKE_SAMPLE_DATA,TPCH_SF001,CUSTOMER,C_CUSTKEY,NUMBER(38,0)
SNOWFLAKE_SAMPLE_DATA,TPCH_SF001,CUSTOMER,C_NAME,VARCHAR(25)
SNOWFLAKE_SAMPLE_DATA,TPCH_SF001,CUSTOMER,C_ADDRESS,VARCHAR(40)
SNOWFLAKE_SAMPLE_DATA,TPCH_SF001,CUSTOMER,C_NATIONKEY,NUMBER(38,0)
SNOWFLAKE_SAMPLE_DATA,TPCH_SF001,CUSTOMER,C_PHONE,VARCHAR(15)
SNOWFLAKE_SAMPLE_DATA,TPCH_SF001,CUSTOMER,C_ACCTBAL,NUMBER(12,2)
SNOWFLAKE_SAMPLE_DATA,TPCH_SF001,CUSTOMER,C_MKTSEGMENT,VARCHAR(10)
SNOWFLAKE_SAMPLE_DATA,TPCH_SF001,CUSTOMER,C_COMMENT,VARCHAR(117)
SNOWFLAKE_SAMPLE_DATA,TPCH_SF001,JCUSTOMER,CUSTOMER,VARIANT
SNOWFLAKE_SAMPLE_DATA,TPCH_SF001,JLINEITEM,LINEITEM,VARIANT
SNOWFLAKE_SAMPLE_DATA,TPCH_SF001,JNATION,NATION,VARIANT
SNOWFLAKE_SAMPLE_DATA,TPCH_SF001,JORDERS,ORDERS,VARIANT
SNOWFLAKE_SAMPLE_DATA,TPCH_SF001,JPART,PART,VARIANT
SNOWFLAKE_SAMPLE_DATA,TPCH_SF001,JPARTSUPP,PARTSUPP,VARIANT
SNOWFLAKE_SAMPLE_DATA,TPCH_SF001,JREGION,REGION,VARIANT
SNOWFLAKE_SAMPLE_DATA,TPCH_SF001,JSUPPLIER,SUPPLIER,VARIANT
SNOWFLAKE_SAMPLE_DATA,TPCH_SF001,LINEITEM,L_ORDERKEY,NUMBER(38,0)
SNOWFLAKE_SAMPLE_DATA,TPCH_SF001,LINEITEM,L_PARTKEY,NUMBER(38,0)
SNOWFLAKE_SAMPLE_DATA,TPCH_SF001,LINEITEM,L_SUPPKEY,NUMBER(38,0)
SNOWFLAKE_SAMPLE_DATA,TPCH_SF001,LINEITEM,L_LINENUMBER,NUMBER(38,0)
SNOWFLAKE_SAMPLE_DATA,TPCH_SF001,LINEITEM,L_QUANTITY,NUMBER(12,2)
SNOWFLAKE_SAMPLE_DATA,TPCH_SF001,LINEITEM,L_EXTENDEDPRICE,NUMBER(12,2)
SNOWFLAKE_SAMPLE_DATA,TPCH_SF001,LINEITEM,L_DISCOUNT,NUMBER(12,2)
SNOWFLAKE_SAMPLE_DATA,TPCH_SF001,LINEITEM,L_TAX,NUMBER(12,2)
SNOWFLAKE_SAMPLE_DATA,TPCH_SF001,LINEITEM,L_RETURNFLAG,VARCHAR(1)
SNOWFLAKE_SAMPLE_DATA,TPCH_SF001,LINEITEM,L_LINESTATUS,VARCHAR(1)
SNOWFLAKE_SAMPLE_DATA,TPCH_SF001,LINEITEM,L_SHIPDATE,DATE
SNOWFLAKE_SAMPLE_DATA,TPCH_SF001,LINEITEM,L_COMMITDATE,DATE
SNOWFLAKE_SAMPLE_DATA,TPCH_SF001,LINEITEM,L_RECEIPTDATE,DATE
SNOWFLAKE_SAMPLE_DATA,TPCH_SF001,LINEITEM,L_SHIPINSTRUCT,VARCHAR(25)
SNOWFLAKE_SAMPLE_DATA,TPCH_SF001,LINEITEM,L_SHIPMODE,VARCHAR(10)
SNOWFLAKE_SAMPLE_DATA,TPCH_SF001,LINEITEM,L_COMMENT,VARCHAR(44)
SNOWFLAKE_SAMPLE_DATA,TPCH_SF001,NATION,N_NATIONKEY,NUMBER(38,0)
SNOWFLAKE_SAMPLE_DATA,TPCH_SF001,NATION,N_NAME,VARCHAR(25)
SNOWFLAKE_SAMPLE_DATA,TPCH_SF001,NATION,N_REGIONKEY,NUMBER(38,0)
SNOWFLAKE_SAMPLE_DATA,TPCH_SF001,NATION,N_COMMENT,VARCHAR(152)
SNOWFLAKE_SAMPLE_DATA,TPCH_SF001,ORDERS,O_ORDERKEY,NUMBER(38,0)
SNOWFLAKE_SAMPLE_DATA,TPCH_SF001,ORDERS,O_CUSTKEY,NUMBER(38,0)
SNOWFLAKE_SAMPLE_DATA,TPCH_SF001,ORDERS,O_ORDERSTATUS,VARCHAR(1)
SNOWFLAKE_SAMPLE_DATA,TPCH_SF001,ORDERS,O_TOTALPRICE,NUMBER(12,2)
SNOWFLAKE_SAMPLE_DATA,TPCH_SF001,ORDERS,O_ORDERDATE,DATE
SNOWFLAKE_SAMPLE_DATA,TPCH_SF001,ORDERS,O_ORDERPRIORITY,VARCHAR(15)
SNOWFLAKE_SAMPLE_DATA,TPCH_SF001,ORDERS,O_CLERK,VARCHAR(15)
SNOWFLAKE_SAMPLE_DATA,TPCH_SF001,ORDERS,O_SHIPPRIORITY,NUMBER(38,0)
SNOWFLAKE_SAMPLE_DATA,TPCH_SF001,ORDERS,O_COMMENT,VARCHAR(79)
SNOWFLAKE_SAMPLE_DATA,TPCH_SF001,PART,P_PARTKEY,NUMBER(38,0)
SNOWFLAKE_SAMPLE_DATA,TPCH_SF001,PART,P_NAME,VARCHAR(55)
SNOWFLAKE_SAMPLE_DATA,TPCH_SF001,PART,P_MFGR,VARCHAR(25)
SNOWFLAKE_SAMPLE_DATA,TPCH_SF001,PART,P_BRAND,VARCHAR(10)
SNOWFLAKE_SAMPLE_DATA,TPCH_SF001,PART,P_TYPE,VARCHAR(25)
SNOWFLAKE_SAMPLE_DATA,TPCH_SF001,PART,P_SIZE,NUMBER(38,0)
SNOWFLAKE_SAMPLE_DATA,TPCH_SF001,PART,P_CONTAINER,VARCHAR(10)
SNOWFLAKE_SAMPLE_DATA,TPCH_SF001,PART,P_RETAILPRICE,NUMBER(12,2)
SNOWFLAKE_SAMPLE_DATA,TPCH_SF001,PART,P_COMMENT,VARCHAR(23)
SNOWFLAKE_SAMPLE_DATA,TPCH_SF001,PARTSUPP,PS_PARTKEY,NUMBER(38,0)
SNOWFLAKE_SAMPLE_DATA,TPCH_SF001,PARTSUPP,PS_SUPPKEY,NUMBER(38,0)
SNOWFLAKE_SAMPLE_DATA,TPCH_SF001,PARTSUPP,PS_AVAILQTY,NUMBER(38,0)
SNOWFLAKE_SAMPLE_DATA,TPCH_SF001,PARTSUPP,PS_SUPPLYCOST,NUMBER(12,2)
SNOWFLAKE_SAMPLE_DATA,TPCH_SF001,PARTSUPP,PS_COMMENT,VARCHAR(199)
SNOWFLAKE_SAMPLE_DATA,TPCH_SF001,REGION,R_REGIONKEY,NUMBER(38,0)
SNOWFLAKE_SAMPLE_DATA,TPCH_SF001,REGION,R_NAME,VARCHAR(25)
SNOWFLAKE_SAMPLE_DATA,TPCH_SF001,REGION,R_COMMENT,VARCHAR(152)
SNOWFLAKE_SAMPLE_DATA,TPCH_SF001,SUPPLIER,S_SUPPKEY,NUMBER(38,0)
SNOWFLAKE_SAMPLE_DATA,TPCH_SF001,SUPPLIER,S_NAME,VARCHAR(25)
SNOWFLAKE_SAMPLE_DATA,TPCH_SF001,SUPPLIER,S_ADDRESS,VARCHAR(40)
SNOWFLAKE_SAMPLE_DATA,TPCH_SF001,SUPPLIER,S_NATIONKEY,NUMBER(38,0)
SNOWFLAKE_SAMPLE_DATA,TPCH_SF001,SUPPLIER,S_PHONE,VARCHAR(15)
SNOWFLAKE_SAMPLE_DATA,TPCH_SF001,SUPPLIER,S_ACCTBAL,NUMBER(12,2)
SNOWFLAKE_SAMPLE_DATA,TPCH_SF001,SUPPLIER,S_COMMENT,VARCHAR(101)
SNOWFLAKE_SAMPLE_DATA,TPCH_SF1,CUSTOMER,C_CUSTKEY,NUMBER(38,0)
SNOWFLAKE_SAMPLE_DATA,TPCH_SF1,CUSTOMER,C_NAME,VARCHAR(25)
SNOWFLAKE_SAMPLE_DATA,TPCH_SF1,CUSTOMER,C_ADDRESS,VARCHAR(40)
SNOWFLAKE_SAMPLE_DATA,TPCH_SF1,CUSTOMER,C_NATIONKEY,NUMBER(38,0)
SNOWFLAKE_SAMPLE_DATA,TPCH_SF1,CUSTOMER,C_PHONE,VARCHAR(15)
SNOWFLAKE_SAMPLE_DATA,TPCH_SF1,CUSTOMER,C_ACCTBAL,NUMBER(12,2)
SNOWFLAKE_SAMPLE_DATA,TPCH_SF1,CUSTOMER,C_MKTSEGMENT,VARCHAR(10)
SNOWFLAKE_SAMPLE_DATA,TPCH_SF1,CUSTOMER,C_COMMENT,VARCHAR(117)
SNOWFLAKE_SAMPLE_DATA,TPCH_SF1,JCUSTOMER,CUSTOMER,VARIANT
SNOWFLAKE_SAMPLE_DATA,TPCH_SF1,JLINEITEM,LINEITEM,VARIANT
SNOWFLAKE_SAMPLE_DATA,TPCH_SF1,JNATION,NATION,VARIANT
SNOWFLAKE_SAMPLE_DATA,TPCH_SF1,JORDERS,ORDERS,VARIANT
SNOWFLAKE_SAMPLE_DATA,TPCH_SF1,JPART,PART,VARIANT
SNOWFLAKE_SAMPLE_DATA,TPCH_SF1,JPARTSUPP,PARTSUPP,VARIANT
SNOWFLAKE_SAMPLE_DATA,TPCH_SF1,JREGION,REGION,VARIANT
SNOWFLAKE_SAMPLE_DATA,TPCH_SF1,JSUPPLIER,SUPPLIER,VARIANT
SNOWFLAKE_SAMPLE_DATA,TPCH_SF1,LINEITEM,L_ORDERKEY,NUMBER(38,0)
SNOWFLAKE_SAMPLE_DATA,TPCH_SF1,LINEITEM,L_PARTKEY,NUMBER(38,0)
SNOWFLAKE_SAMPLE_DATA,TPCH_SF1,LINEITEM,L_SUPPKEY,NUMBER(38,0)
SNOWFLAKE_SAMPLE_DATA,TPCH_SF1,LINEITEM,L_LINENUMBER,NUMBER(38,0)
SNOWFLAKE_SAMPLE_DATA,TPCH_SF1,LINEITEM,L_QUANTITY,NUMBER(12,2)
SNOWFLAKE_SAMPLE_DATA,TPCH_SF1,LINEITEM,L_EXTENDEDPRICE,NUMBER(12,2)
SNOWFLAKE_SAMPLE_DATA,TPCH_SF1,LINEITEM,L_DISCOUNT,NUMBER(12,2)
SNOWFLAKE_SAMPLE_DATA,TPCH_SF1,LINEITEM,L_TAX,NUMBER(12,2)
SNOWFLAKE_SAMPLE_DATA,TPCH_SF1,LINEITEM,L_RETURNFLAG,VARCHAR(1)
SNOWFLAKE_SAMPLE_DATA,TPCH_SF1,LINEITEM,L_LINESTATUS,VARCHAR(1)
SNOWFLAKE_SAMPLE_DATA,TPCH_SF1,LINEITEM,L_SHIPDATE,DATE
SNOWFLAKE_SAMPLE_DATA,TPCH_SF1,LINEITEM,L_COMMITDATE,DATE
SNOWFLAKE_SAMPLE_DATA,TPCH_SF1,LINEITEM,L_RECEIPTDATE,DATE
SNOWFLAKE_SAMPLE_DATA,TPCH_SF1,LINEITEM,L_SHIPINSTRUCT,VARCHAR(25)
SNOWFLAKE_SAMPLE_DATA,TPCH_SF1,LINEITEM,L_SHIPMODE,VARCHAR(10)
SNOWFLAKE_SAMPLE_DATA,TPCH_SF1,LINEITEM,L_COMMENT,VARCHAR(44)
SNOWFLAKE_SAMPLE_DATA,TPCH_SF1,NATION,N_NATIONKEY,NUMBER(38,0)
SNOWFLAKE_SAMPLE_DATA,TPCH_SF1,NATION,N_NAME,VARCHAR(25)
SNOWFLAKE_SAMPLE_DATA,TPCH_SF1,NATION,N_REGIONKEY,NUMBER(38,0)
SNOWFLAKE_SAMPLE_DATA,TPCH_SF1,NATION,N_COMMENT,VARCHAR(152)
SNOWFLAKE_SAMPLE_DATA,TPCH_SF1,ORDERS,O_ORDERKEY,NUMBER(38,0)
SNOWFLAKE_SAMPLE_DATA,TPCH_SF1,ORDERS,O_CUSTKEY,NUMBER(38,0)
SNOWFLAKE_SAMPLE_DATA,TPCH_SF1,ORDERS,O_ORDERSTATUS,VARCHAR(1)
SNOWFLAKE_SAMPLE_DATA,TPCH_SF1,ORDERS,O_TOTALPRICE,NUMBER(12,2)
SNOWFLAKE_SAMPLE_DATA,TPCH_SF1,ORDERS,O_ORDERDATE,DATE
SNOWFLAKE_SAMPLE_DATA,TPCH_SF1,ORDERS,O_ORDERPRIORITY,VARCHAR(15)
SNOWFLAKE_SAMPLE_DATA,TPCH_SF1,ORDERS,O_CLERK,VARCHAR(15)
SNOWFLAKE_SAMPLE_DATA,TPCH_SF1,ORDERS,O_SHIPPRIORITY,NUMBER(38,0)
SNOWFLAKE_SAMPLE_DATA,TPCH_SF1,ORDERS,O_COMMENT,VARCHAR(79)
SNOWFLAKE_SAMPLE_DATA,TPCH_SF1,PART,P_PARTKEY,NUMBER(38,0)
SNOWFLAKE_SAMPLE_DATA,TPCH_SF1,PART,P_NAME,VARCHAR(55)
SNOWFLAKE_SAMPLE_DATA,TPCH_SF1,PART,P_MFGR,VARCHAR(25)
SNOWFLAKE_SAMPLE_DATA,TPCH_SF1,PART,P_BRAND,VARCHAR(10)
SNOWFLAKE_SAMPLE_DATA,TPCH_SF1,PART,P_TYPE,VARCHAR(25)
SNOWFLAKE_SAMPLE_DATA,TPCH_SF1,PART,P_SIZE,NUMBER(38,0)
SNOWFLAKE_SAMPLE_DATA,TPCH_SF1,PART,P_CONTAINER,VARCHAR(10)
SNOWFLAKE_SAMPLE_DATA,TPCH_SF1,PART,P_RETAILPRICE,NUMBER(12,2)
SNOWFLAKE_SAMPLE_DATA,TPCH_SF1,PART,P_COMMENT,VARCHAR(23)
SNOWFLAKE_SAMPLE_DATA,TPCH_SF1,PARTSUPP,PS_PARTKEY,NUMBER(38,0)
SNOWFLAKE_SAMPLE_DATA,TPCH_SF1,PARTSUPP,PS_SUPPKEY,NUMBER(38,0)
SNOWFLAKE_SAMPLE_DATA,TPCH_SF1,PARTSUPP,PS_AVAILQTY,NUMBER(38,0)
SNOWFLAKE_SAMPLE_DATA,TPCH_SF1,PARTSUPP,PS_SUPPLYCOST,NUMBER(12,2)
SNOWFLAKE_SAMPLE_DATA,TPCH_SF1,PARTSUPP,PS_COMMENT,VARCHAR(199)
SNOWFLAKE_SAMPLE_DATA,TPCH_SF1,REGION,R_REGIONKEY,NUMBER(38,0)
SNOWFLAKE_SAMPLE_DATA,TPCH_SF1,REGION,R_NAME,VARCHAR(25)
SNOWFLAKE_SAMPLE_DATA,TPCH_SF1,REGION,R_COMMENT,VARCHAR(152)
SNOWFLAKE_SAMPLE_DATA,TPCH_SF1,SUPPLIER,S_SUPPKEY,NUMBER(38,0)
SNOWFLAKE_SAMPLE_DATA,TPCH_SF1,SUPPLIER,S_NAME,VARCHAR(25)
SNOWFLAKE_SAMPLE_DATA,TPCH_SF1,SUPPLIER,S_ADDRESS,VARCHAR(40)
SNOWFLAKE_SAMPLE_DATA,TPCH_SF1,SUPPLIER,S_NATIONKEY,NUMBER(38,0)
SNOWFLAKE_SAMPLE_DATA,TPCH_SF1,SUPPLIER,S_PHONE,VARCHAR(15)
SNOWFLAKE_SAMPLE_DATA,TPCH_SF1,SUPPLIER,S_ACCTBAL,NUMBER(12,2)
SNOWFLAKE_SAMPLE_DATA,TPCH_SF1,SUPPLIER,S_COMMENT,VARCHAR(101)
SNOWFLAKE_SAMPLE_DATA,TPCH_SF10,CUSTOMER,C_CUSTKEY,NUMBER(38,0)
SNOWFLAKE_SAMPLE_DATA,TPCH_SF10,CUSTOMER,C_NAME,VARCHAR(25)
SNOWFLAKE_SAMPLE_DATA,TPCH_SF10,CUSTOMER,C_ADDRESS,VARCHAR(40)
SNOWFLAKE_SAMPLE_DATA,TPCH_SF10,CUSTOMER,C_NATIONKEY,NUMBER(38,0)
SNOWFLAKE_SAMPLE_DATA,TPCH_SF10,CUSTOMER,C_PHONE,VARCHAR(15)
SNOWFLAKE_SAMPLE_DATA,TPCH_SF10,CUSTOMER,C_ACCTBAL,NUMBER(12,2)
SNOWFLAKE_SAMPLE_DATA,TPCH_SF10,CUSTOMER,C_MKTSEGMENT,VARCHAR(10)
SNOWFLAKE_SAMPLE_DATA,TPCH_SF10,CUSTOMER,C_COMMENT,VARCHAR(117)
SNOWFLAKE_SAMPLE_DATA,TPCH_SF10,JCUSTOMER,CUSTOMER,VARIANT
SNOWFLAKE_SAMPLE_DATA,TPCH_SF10,JLINEITEM,LINEITEM,VARIANT
SNOWFLAKE_SAMPLE_DATA,TPCH_SF10,JNATION,NATION,VARIANT
SNOWFLAKE_SAMPLE_DATA,TPCH_SF10,JORDERS,ORDERS,VARIANT
SNOWFLAKE_SAMPLE_DATA,TPCH_SF10,JPART,PART,VARIANT
SNOWFLAKE_SAMPLE_DATA,TPCH_SF10,JPARTSUPP,PARTSUPP,VARIANT
SNOWFLAKE_SAMPLE_DATA,TPCH_SF10,JREGION,REGION,VARIANT
SNOWFLAKE_SAMPLE_DATA,TPCH_SF10,JSUPPLIER,SUPPLIER,VARIANT
SNOWFLAKE_SAMPLE_DATA,TPCH_SF10,LINEITEM,L_ORDERKEY,NUMBER(38,0)
SNOWFLAKE_SAMPLE_DATA,TPCH_SF10,LINEITEM,L_PARTKEY,NUMBER(38,0)
SNOWFLAKE_SAMPLE_DATA,TPCH_SF10,LINEITEM,L_SUPPKEY,NUMBER(38,0)
SNOWFLAKE_SAMPLE_DATA,TPCH_SF10,LINEITEM,L_LINENUMBER,NUMBER(38,0)
SNOWFLAKE_SAMPLE_DATA,TPCH_SF10,LINEITEM,L_QUANTITY,NUMBER(12,2)
SNOWFLAKE_SAMPLE_DATA,TPCH_SF10,LINEITEM,L_EXTENDEDPRICE,NUMBER(12,2)
SNOWFLAKE_SAMPLE_DATA,TPCH_SF10,LINEITEM,L_DISCOUNT,NUMBER(12,2)
SNOWFLAKE_SAMPLE_DATA,TPCH_SF10,LINEITEM,L_TAX,NUMBER(12,2)
SNOWFLAKE_SAMPLE_DATA,TPCH_SF10,LINEITEM,L_RETURNFLAG,VARCHAR(1)
SNOWFLAKE_SAMPLE_DATA,TPCH_SF10,LINEITEM,L_LINESTATUS,VARCHAR(1)
SNOWFLAKE_SAMPLE_DATA,TPCH_SF10,LINEITEM,L_SHIPDATE,DATE
SNOWFLAKE_SAMPLE_DATA,TPCH_SF10,LINEITEM,L_COMMITDATE,DATE
SNOWFLAKE_SAMPLE_DATA,TPCH_SF10,LINEITEM,L_RECEIPTDATE,DATE
SNOWFLAKE_SAMPLE_DATA,TPCH_SF10,LINEITEM,L_SHIPINSTRUCT,VARCHAR(25)
SNOWFLAKE_SAMPLE_DATA,TPCH_SF10,LINEITEM,L_SHIPMODE,VARCHAR(10)
SNOWFLAKE_SAMPLE_DATA,TPCH_SF10,LINEITEM,L_COMMENT,VARCHAR(44)
SNOWFLAKE_SAMPLE_DATA,TPCH_SF10,NATION,N_NATIONKEY,NUMBER(38,0)
SNOWFLAKE_SAMPLE_DATA,TPCH_SF10,NATION,N_NAME,VARCHAR(25)
SNOWFLAKE_SAMPLE_DATA,TPCH_SF10,NATION,N_REGIONKEY,NUMBER(38,0)
SNOWFLAKE_SAMPLE_DATA,TPCH_SF10,NATION,N_COMMENT,VARCHAR(152)
SNOWFLAKE_SAMPLE_DATA,TPCH_SF10,ORDERS,O_ORDERKEY,NUMBER(38,0)
SNOWFLAKE_SAMPLE_DATA,TPCH_SF10,ORDERS,O_CUSTKEY,NUMBER(38,0)
SNOWFLAKE_SAMPLE_DATA,TPCH_SF10,ORDERS,O_ORDERSTATUS,VARCHAR(1)
SNOWFLAKE_SAMPLE_DATA,TPCH_SF10,ORDERS,O_TOTALPRICE,NUMBER(12,2)
SNOWFLAKE_SAMPLE_DATA,TPCH_SF10,ORDERS,O_ORDERDATE,DATE
SNOWFLAKE_SAMPLE_DATA,TPCH_SF10,ORDERS,O_ORDERPRIORITY,VARCHAR(15)
SNOWFLAKE_SAMPLE_DATA,TPCH_SF10,ORDERS,O_CLERK,VARCHAR(15)
SNOWFLAKE_SAMPLE_DATA,TPCH_SF10,ORDERS,O_SHIPPRIORITY,NUMBER(38,0)
SNOWFLAKE_SAMPLE_DATA,TPCH_SF10,ORDERS,O_COMMENT,VARCHAR(79)
SNOWFLAKE_SAMPLE_DATA,TPCH_SF10,PART,P_PARTKEY,NUMBER(38,0)
SNOWFLAKE_SAMPLE_DATA,TPCH_SF10,PART,P_NAME,VARCHAR(55)
SNOWFLAKE_SAMPLE_DATA,TPCH_SF10,PART,P_MFGR,VARCHAR(25)
SNOWFLAKE_SAMPLE_DATA,TPCH_SF10,PART,P_BRAND,VARCHAR(10)
SNOWFLAKE_SAMPLE_DATA,TPCH_SF10,PART,P_TYPE,VARCHAR(25)
SNOWFLAKE_SAMPLE_DATA,TPCH_SF10,PART,P_SIZE,NUMBER(38,0)
SNOWFLAKE_SAMPLE_DATA,TPCH_SF10,PART,P_CONTAINER,VARCHAR(10)
SNOWFLAKE_SAMPLE_DATA,TPCH_SF10,PART,P_RETAILPRICE,NUMBER(12,2)
SNOWFLAKE_SAMPLE_DATA,TPCH_SF10,PART,P_COMMENT,VARCHAR(23)
SNOWFLAKE_SAMPLE_DATA,TPCH_SF10,PARTSUPP,PS_PARTKEY,NUMBER(38,0)
SNOWFLAKE_SAMPLE_DATA,TPCH_SF10,PARTSUPP,PS_SUPPKEY,NUMBER(38,0)
SNOWFLAKE_SAMPLE_DATA,TPCH_SF10,PARTSUPP,PS_AVAILQTY,NUMBER(38,0)
SNOWFLAKE_SAMPLE_DATA,TPCH_SF10,PARTSUPP,PS_SUPPLYCOST,NUMBER(12,2)
SNOWFLAKE_SAMPLE_DATA,TPCH_SF10,PARTSUPP,PS_COMMENT,VARCHAR(199)
SNOWFLAKE_SAMPLE_DATA,TPCH_SF10,REGION,R_REGIONKEY,NUMBER(38,0)
SNOWFLAKE_SAMPLE_DATA,TPCH_SF10,REGION,R_NAME,VARCHAR(25)
SNOWFLAKE_SAMPLE_DATA,TPCH_SF10,REGION,R_COMMENT,VARCHAR(152)
SNOWFLAKE_SAMPLE_DATA,TPCH_SF10,SUPPLIER,S_SUPPKEY,NUMBER(38,0)
SNOWFLAKE_SAMPLE_DATA,TPCH_SF10,SUPPLIER,S_NAME,VARCHAR(25)
SNOWFLAKE_SAMPLE_DATA,TPCH_SF10,SUPPLIER,S_ADDRESS,VARCHAR(40)
SNOWFLAKE_SAMPLE_DATA,TPCH_SF10,SUPPLIER,S_NATIONKEY,NUMBER(38,0)
SNOWFLAKE_SAMPLE_DATA,TPCH_SF10,SUPPLIER,S_PHONE,VARCHAR(15)
SNOWFLAKE_SAMPLE_DATA,TPCH_SF10,SUPPLIER,S_ACCTBAL,NUMBER(12,2)
SNOWFLAKE_SAMPLE_DATA,TPCH_SF10,SUPPLIER,S_COMMENT,VARCHAR(101)
SNOWFLAKE_SAMPLE_DATA,TPCH_SF100,CUSTOMER,C_CUSTKEY,NUMBER(38,0)
SNOWFLAKE_SAMPLE_DATA,TPCH_SF100,CUSTOMER,C_NAME,VARCHAR(25)
SNOWFLAKE_SAMPLE_DATA,TPCH_SF100,CUSTOMER,C_ADDRESS,VARCHAR(40)
SNOWFLAKE_SAMPLE_DATA,TPCH_SF100,CUSTOMER,C_NATIONKEY,NUMBER(38,0)
SNOWFLAKE_SAMPLE_DATA,TPCH_SF100,CUSTOMER,C_PHONE,VARCHAR(15)
SNOWFLAKE_SAMPLE_DATA,TPCH_SF100,CUSTOMER,C_ACCTBAL,NUMBER(12,2)
SNOWFLAKE_SAMPLE_DATA,TPCH_SF100,CUSTOMER,C_MKTSEGMENT,VARCHAR(10)
SNOWFLAKE_SAMPLE_DATA,TPCH_SF100,CUSTOMER,C_COMMENT,VARCHAR(117)
SNOWFLAKE_SAMPLE_DATA,TPCH_SF100,JCUSTOMER,CUSTOMER,VARIANT
SNOWFLAKE_SAMPLE_DATA,TPCH_SF100,JLINEITEM,LINEITEM,VARIANT
SNOWFLAKE_SAMPLE_DATA,TPCH_SF100,JNATION,NATION,VARIANT
SNOWFLAKE_SAMPLE_DATA,TPCH_SF100,JORDERS,ORDERS,VARIANT
SNOWFLAKE_SAMPLE_DATA,TPCH_SF100,JPART,PART,VARIANT
SNOWFLAKE_SAMPLE_DATA,TPCH_SF100,JPARTSUPP,PARTSUPP,VARIANT
SNOWFLAKE_SAMPLE_DATA,TPCH_SF100,JREGION,REGION,VARIANT
SNOWFLAKE_SAMPLE_DATA,TPCH_SF100,JSUPPLIER,SUPPLIER,VARIANT
SNOWFLAKE_SAMPLE_DATA,TPCH_SF100,LINEITEM,L_ORDERKEY,NUMBER(38,0)
SNOWFLAKE_SAMPLE_DATA,TPCH_SF100,LINEITEM,L_PARTKEY,NUMBER(38,0)
SNOWFLAKE_SAMPLE_DATA,TPCH_SF100,LINEITEM,L_SUPPKEY,NUMBER(38,0)
SNOWFLAKE_SAMPLE_DATA,TPCH_SF100,LINEITEM,L_LINENUMBER,NUMBER(38,0)
SNOWFLAKE_SAMPLE_DATA,TPCH_SF100,LINEITEM,L_QUANTITY,NUMBER(12,2)
SNOWFLAKE_SAMPLE_DATA,TPCH_SF100,LINEITEM,L_EXTENDEDPRICE,NUMBER(12,2)
SNOWFLAKE_SAMPLE_DATA,TPCH_SF100,LINEITEM,L_DISCOUNT,NUMBER(12,2)
SNOWFLAKE_SAMPLE_DATA,TPCH_SF100,LINEITEM,L_TAX,NUMBER(12,2)
SNOWFLAKE_SAMPLE_DATA,TPCH_SF100,LINEITEM,L_RETURNFLAG,VARCHAR(1)
SNOWFLAKE_SAMPLE_DATA,TPCH_SF100,LINEITEM,L_LINESTATUS,VARCHAR(1)
SNOWFLAKE_SAMPLE_DATA,TPCH_SF100,LINEITEM,L_SHIPDATE,DATE
SNOWFLAKE_SAMPLE_DATA,TPCH_SF100,LINEITEM,L_COMMITDATE,DATE
SNOWFLAKE_SAMPLE_DATA,TPCH_SF100,LINEITEM,L_RECEIPTDATE,DATE
SNOWFLAKE_SAMPLE_DATA,TPCH_SF100,LINEITEM,L_SHIPINSTRUCT,VARCHAR(25)
SNOWFLAKE_SAMPLE_DATA,TPCH_SF100,LINEITEM,L_SHIPMODE,VARCHAR(10)
SNOWFLAKE_SAMPLE_DATA,TPCH_SF100,LINEITEM,L_COMMENT,VARCHAR(44)
SNOWFLAKE_SAMPLE_DATA,TPCH_SF100,NATION,N_NATIONKEY,NUMBER(38,0)
SNOWFLAKE_SAMPLE_DATA,TPCH_SF100,NATION,N_NAME,VARCHAR(25)
SNOWFLAKE_SAMPLE_DATA,TPCH_SF100,NATION,N_REGIONKEY,NUMBER(38,0)
SNOWFLAKE_SAMPLE_DATA,TPCH_SF100,NATION,N_COMMENT,VARCHAR(152)
SNOWFLAKE_SAMPLE_DATA,TPCH_SF100,ORDERS,O_ORDERKEY,NUMBER(38,0)
SNOWFLAKE_SAMPLE_DATA,TPCH_SF100,ORDERS,O_CUSTKEY,NUMBER(38,0)
SNOWFLAKE_SAMPLE_DATA,TPCH_SF100,ORDERS,O_ORDERSTATUS,VARCHAR(1)
SNOWFLAKE_SAMPLE_DATA,TPCH_SF100,ORDERS,O_TOTALPRICE,NUMBER(12,2)
SNOWFLAKE_SAMPLE_DATA,TPCH_SF100,ORDERS,O_ORDERDATE,DATE
SNOWFLAKE_SAMPLE_DATA,TPCH_SF100,ORDERS,O_ORDERPRIORITY,VARCHAR(15)
SNOWFLAKE_SAMPLE_DATA,TPCH_SF100,ORDERS,O_CLERK,VARCHAR(15)
SNOWFLAKE_SAMPLE_DATA,TPCH_SF100,ORDERS,O_SHIPPRIORITY,NUMBER(38,0)
SNOWFLAKE_SAMPLE_DATA,TPCH_SF100,ORDERS,O_COMMENT,VARCHAR(79)
SNOWFLAKE_SAMPLE_DATA,TPCH_SF100,PART,P_PARTKEY,NUMBER(38,0)
SNOWFLAKE_SAMPLE_DATA,TPCH_SF100,PART,P_NAME,VARCHAR(55)
SNOWFLAKE_SAMPLE_DATA,TPCH_SF100,PART,P_MFGR,VARCHAR(25)
SNOWFLAKE_SAMPLE_DATA,TPCH_SF100,PART,P_BRAND,VARCHAR(10)
SNOWFLAKE_SAMPLE_DATA,TPCH_SF100,PART,P_TYPE,VARCHAR(25)
SNOWFLAKE_SAMPLE_DATA,TPCH_SF100,PART,P_SIZE,NUMBER(38,0)
SNOWFLAKE_SAMPLE_DATA,TPCH_SF100,PART,P_CONTAINER,VARCHAR(10)
SNOWFLAKE_SAMPLE_DATA,TPCH_SF100,PART,P_RETAILPRICE,NUMBER(12,2)
SNOWFLAKE_SAMPLE_DATA,TPCH_SF100,PART,P_COMMENT,VARCHAR(23)
SNOWFLAKE_SAMPLE_DATA,TPCH_SF100,PARTSUPP,PS_PARTKEY,NUMBER(38,0)
SNOWFLAKE_SAMPLE_DATA,TPCH_SF100,PARTSUPP,PS_SUPPKEY,NUMBER(38,0)
SNOWFLAKE_SAMPLE_DATA,TPCH_SF100,PARTSUPP,PS_AVAILQTY,NUMBER(38,0)
SNOWFLAKE_SAMPLE_DATA,TPCH_SF100,PARTSUPP,PS_SUPPLYCOST,NUMBER(12,2)
SNOWFLAKE_SAMPLE_DATA,TPCH_SF100,PARTSUPP,PS_COMMENT,VARCHAR(199)
SNOWFLAKE_SAMPLE_DATA,TPCH_SF100,REGION,R_REGIONKEY,NUMBER(38,0)
SNOWFLAKE_SAMPLE_DATA,TPCH_SF100,REGION,R_NAME,VARCHAR(25)
SNOWFLAKE_SAMPLE_DATA,TPCH_SF100,REGION,R_COMMENT,VARCHAR(152)
SNOWFLAKE_SAMPLE_DATA,TPCH_SF100,SUPPLIER,S_SUPPKEY,NUMBER(38,0)
SNOWFLAKE_SAMPLE_DATA,TPCH_SF100,SUPPLIER,S_NAME,VARCHAR(25)
SNOWFLAKE_SAMPLE_DATA,TPCH_SF100,SUPPLIER,S_ADDRESS,VARCHAR(40)
SNOWFLAKE_SAMPLE_DATA,TPCH_SF100,SUPPLIER,S_NATIONKEY,NUMBER(38,0)
SNOWFLAKE_SAMPLE_DATA,TPCH_SF100,SUPPLIER,S_PHONE,VARCHAR(15)
SNOWFLAKE_SAMPLE_DATA,TPCH_SF100,SUPPLIER,S_ACCTBAL,NUMBER(12,2)
SNOWFLAKE_SAMPLE_DATA,TPCH_SF100,SUPPLIER,S_COMMENT,VARCHAR(101)
SNOWFLAKE_SAMPLE_DATA,TPCH_SF1000,CUSTOMER,C_CUSTKEY,NUMBER(38,0)
SNOWFLAKE_SAMPLE_DATA,TPCH_SF1000,CUSTOMER,C_NAME,VARCHAR(25)
SNOWFLAKE_SAMPLE_DATA,TPCH_SF1000,CUSTOMER,C_ADDRESS,VARCHAR(40)
SNOWFLAKE_SAMPLE_DATA,TPCH_SF1000,CUSTOMER,C_NATIONKEY,NUMBER(38,0)
SNOWFLAKE_SAMPLE_DATA,TPCH_SF1000,CUSTOMER,C_PHONE,VARCHAR(15)
SNOWFLAKE_SAMPLE_DATA,TPCH_SF1000,CUSTOMER,C_ACCTBAL,NUMBER(12,2)
SNOWFLAKE_SAMPLE_DATA,TPCH_SF1000,CUSTOMER,C_MKTSEGMENT,VARCHAR(10)
SNOWFLAKE_SAMPLE_DATA,TPCH_SF1000,CUSTOMER,C_COMMENT,VARCHAR(117)
SNOWFLAKE_SAMPLE_DATA,TPCH_SF1000,JCUSTOMER,CUSTOMER,VARIANT
SNOWFLAKE_SAMPLE_DATA,TPCH_SF1000,JLINEITEM,LINEITEM,VARIANT
SNOWFLAKE_SAMPLE_DATA,TPCH_SF1000,JNATION,NATION,VARIANT
SNOWFLAKE_SAMPLE_DATA,TPCH_SF1000,JORDERS,ORDERS,VARIANT
SNOWFLAKE_SAMPLE_DATA,TPCH_SF1000,JPART,PART,VARIANT
SNOWFLAKE_SAMPLE_DATA,TPCH_SF1000,JPARTSUPP,PARTSUPP,VARIANT
SNOWFLAKE_SAMPLE_DATA,TPCH_SF1000,JREGION,REGION,VARIANT
SNOWFLAKE_SAMPLE_DATA,TPCH_SF1000,JSUPPLIER,SUPPLIER,VARIANT
SNOWFLAKE_SAMPLE_DATA,TPCH_SF1000,LINEITEM,L_ORDERKEY,NUMBER(38,0)
SNOWFLAKE_SAMPLE_DATA,TPCH_SF1000,LINEITEM,L_PARTKEY,NUMBER(38,0)
SNOWFLAKE_SAMPLE_DATA,TPCH_SF1000,LINEITEM,L_SUPPKEY,NUMBER(38,0)
SNOWFLAKE_SAMPLE_DATA,TPCH_SF1000,LINEITEM,L_LINENUMBER,NUMBER(38,0)
SNOWFLAKE_SAMPLE_DATA,TPCH_SF1000,LINEITEM,L_QUANTITY,NUMBER(12,2)
SNOWFLAKE_SAMPLE_DATA,TPCH_SF1000,LINEITEM,L_EXTENDEDPRICE,NUMBER(12,2)
SNOWFLAKE_SAMPLE_DATA,TPCH_SF1000,LINEITEM,L_DISCOUNT,NUMBER(12,2)
SNOWFLAKE_SAMPLE_DATA,TPCH_SF1000,LINEITEM,L_TAX,NUMBER(12,2)
SNOWFLAKE_SAMPLE_DATA,TPCH_SF1000,LINEITEM,L_RETURNFLAG,VARCHAR(1)
SNOWFLAKE_SAMPLE_DATA,TPCH_SF1000,LINEITEM,L_LINESTATUS,VARCHAR(1)
SNOWFLAKE_SAMPLE_DATA,TPCH_SF1000,LINEITEM,L_SHIPDATE,DATE
SNOWFLAKE_SAMPLE_DATA,TPCH_SF1000,LINEITEM,L_COMMITDATE,DATE
SNOWFLAKE_SAMPLE_DATA,TPCH_SF1000,LINEITEM,L_RECEIPTDATE,DATE
SNOWFLAKE_SAMPLE_DATA,TPCH_SF1000,LINEITEM,L_SHIPINSTRUCT,VARCHAR(25)
SNOWFLAKE_SAMPLE_DATA,TPCH_SF1000,LINEITEM,L_SHIPMODE,VARCHAR(10)
SNOWFLAKE_SAMPLE_DATA,TPCH_SF1000,LINEITEM,L_COMMENT,VARCHAR(44)
SNOWFLAKE_SAMPLE_DATA,TPCH_SF1000,NATION,N_NATIONKEY,NUMBER(38,0)
SNOWFLAKE_SAMPLE_DATA,TPCH_SF1000,NATION,N_NAME,VARCHAR(25)
SNOWFLAKE_SAMPLE_DATA,TPCH_SF1000,NATION,N_REGIONKEY,NUMBER(38,0)
SNOWFLAKE_SAMPLE_DATA,TPCH_SF1000,NATION,N_COMMENT,VARCHAR(152)
SNOWFLAKE_SAMPLE_DATA,TPCH_SF1000,ORDERS,O_ORDERKEY,NUMBER(38,0)
SNOWFLAKE_SAMPLE_DATA,TPCH_SF1000,ORDERS,O_CUSTKEY,NUMBER(38,0)
SNOWFLAKE_SAMPLE_DATA,TPCH_SF1000,ORDERS,O_ORDERSTATUS,VARCHAR(1)
SNOWFLAKE_SAMPLE_DATA,TPCH_SF1000,ORDERS,O_TOTALPRICE,NUMBER(12,2)
SNOWFLAKE_SAMPLE_DATA,TPCH_SF1000,ORDERS,O_ORDERDATE,DATE
SNOWFLAKE_SAMPLE_DATA,TPCH_SF1000,ORDERS,O_ORDERPRIORITY,VARCHAR(15)
SNOWFLAKE_SAMPLE_DATA,TPCH_SF1000,ORDERS,O_CLERK,VARCHAR(15)
SNOWFLAKE_SAMPLE_DATA,TPCH_SF1000,ORDERS,O_SHIPPRIORITY,NUMBER(38,0)
SNOWFLAKE_SAMPLE_DATA,TPCH_SF1000,ORDERS,O_COMMENT,VARCHAR(79)
SNOWFLAKE_SAMPLE_DATA,TPCH_SF1000,PART,P_PARTKEY,NUMBER(38,0)
SNOWFLAKE_SAMPLE_DATA,TPCH_SF1000,PART,P_NAME,VARCHAR(55)
SNOWFLAKE_SAMPLE_DATA,TPCH_SF1000,PART,P_MFGR,VARCHAR(25)
SNOWFLAKE_SAMPLE_DATA,TPCH_SF1000,PART,P_BRAND,VARCHAR(10)
SNOWFLAKE_SAMPLE_DATA,TPCH_SF1000,PART,P_TYPE,VARCHAR(25)
SNOWFLAKE_SAMPLE_DATA,TPCH_SF1000,PART,P_SIZE,NUMBER(38,0)
SNOWFLAKE_SAMPLE_DATA,TPCH_SF1000,PART,P_CONTAINER,VARCHAR(10)
SNOWFLAKE_SAMPLE_DATA,TPCH_SF1000,PART,P_RETAILPRICE,NUMBER(12,2)
SNOWFLAKE_SAMPLE_DATA,TPCH_SF1000,PART,P_COMMENT,VARCHAR(23)
SNOWFLAKE_SAMPLE_DATA,TPCH_SF1000,PARTSUPP,PS_PARTKEY,NUMBER(38,0)
SNOWFLAKE_SAMPLE_DATA,TPCH_SF1000,PARTSUPP,PS_SUPPKEY,NUMBER(38,0)
SNOWFLAKE_SAMPLE_DATA,TPCH_SF1000,PARTSUPP,PS_AVAILQTY,NUMBER(38,0)
SNOWFLAKE_SAMPLE_DATA,TPCH_SF1000,PARTSUPP,PS_SUPPLYCOST,NUMBER(12,2)
SNOWFLAKE_SAMPLE_DATA,TPCH_SF1000,PARTSUPP,PS_COMMENT,VARCHAR(199)
SNOWFLAKE_SAMPLE_DATA,TPCH_SF1000,REGION,R_REGIONKEY,NUMBER(38,0)
SNOWFLAKE_SAMPLE_DATA,TPCH_SF1000,REGION,R_NAME,VARCHAR(25)
SNOWFLAKE_SAMPLE_DATA,TPCH_SF1000,REGION,R_COMMENT,VARCHAR(152)
SNOWFLAKE_SAMPLE_DATA,TPCH_SF1000,SUPPLIER,S_SUPPKEY,NUMBER(38,0)
SNOWFLAKE_SAMPLE_DATA,TPCH_SF1000,SUPPLIER,S_NAME,VARCHAR(25)
SNOWFLAKE_SAMPLE_DATA,TPCH_SF1000,SUPPLIER,S_ADDRESS,VARCHAR(40)
SNOWFLAKE_SAMPLE_DATA,TPCH_SF1000,SUPPLIER,S_NATIONKEY,NUMBER(38,0)
SNOWFLAKE_SAMPLE_DATA,TPCH_SF1000,SUPPLIER,S_PHONE,VARCHAR(15)
SNOWFLAKE_SAMPLE_DATA,TPCH_SF1000,SUPPLIER,S_ACCTBAL,NUMBER(12,2)
SNOWFLAKE_SAMPLE_DATA,TPCH_SF1000,SUPPLIER,S_COMMENT,VARCHAR(101)
SNOWFLAKE_SAMPLE_DATA,TPCH_SF10000,CUSTOMER,C_CUSTKEY,NUMBER(38,0)
SNOWFLAKE_SAMPLE_DATA,TPCH_SF10000,CUSTOMER,C_NAME,VARCHAR(25)
SNOWFLAKE_SAMPLE_DATA,TPCH_SF10000,CUSTOMER,C_ADDRESS,VARCHAR(40)
SNOWFLAKE_SAMPLE_DATA,TPCH_SF10000,CUSTOMER,C_NATIONKEY,NUMBER(38,0)
SNOWFLAKE_SAMPLE_DATA,TPCH_SF10000,CUSTOMER,C_PHONE,VARCHAR(15)
SNOWFLAKE_SAMPLE_DATA,TPCH_SF10000,CUSTOMER,C_ACCTBAL,NUMBER(12,2)
SNOWFLAKE_SAMPLE_DATA,TPCH_SF10000,CUSTOMER,C_MKTSEGMENT,VARCHAR(10)
SNOWFLAKE_SAMPLE_DATA,TPCH_SF10000,CUSTOMER,C_COMMENT,VARCHAR(117)
SNOWFLAKE_SAMPLE_DATA,TPCH_SF10000,JCUSTOMER,CUSTOMER,VARIANT
SNOWFLAKE_SAMPLE_DATA,TPCH_SF10000,JLINEITEM,LINEITEM,VARIANT
SNOWFLAKE_SAMPLE_DATA,TPCH_SF10000,JNATION,NATION,VARIANT
SNOWFLAKE_SAMPLE_DATA,TPCH_SF10000,JORDERS,ORDERS,VARIANT
SNOWFLAKE_SAMPLE_DATA,TPCH_SF10000,JPART,PART,VARIANT
SNOWFLAKE_SAMPLE_DATA,TPCH_SF10000,JPARTSUPP,PARTSUPP,VARIANT
SNOWFLAKE_SAMPLE_DATA,TPCH_SF10000,JREGION,REGION,VARIANT
SNOWFLAKE_SAMPLE_DATA,TPCH_SF10000,JSUPPLIER,SUPPLIER,VARIANT
SNOWFLAKE_SAMPLE_DATA,TPCH_SF10000,LINEITEM,L_ORDERKEY,NUMBER(38,0)
SNOWFLAKE_SAMPLE_DATA,TPCH_SF10000,LINEITEM,L_PARTKEY,NUMBER(38,0)
SNOWFLAKE_SAMPLE_DATA,TPCH_SF10000,LINEITEM,L_SUPPKEY,NUMBER(38,0)
SNOWFLAKE_SAMPLE_DATA,TPCH_SF10000,LINEITEM,L_LINENUMBER,NUMBER(38,0)
SNOWFLAKE_SAMPLE_DATA,TPCH_SF10000,LINEITEM,L_QUANTITY,NUMBER(12,2)
SNOWFLAKE_SAMPLE_DATA,TPCH_SF10000,LINEITEM,L_EXTENDEDPRICE,NUMBER(12,2)
SNOWFLAKE_SAMPLE_DATA,TPCH_SF10000,LINEITEM,L_DISCOUNT,NUMBER(12,2)
SNOWFLAKE_SAMPLE_DATA,TPCH_SF10000,LINEITEM,L_TAX,NUMBER(12,2)
SNOWFLAKE_SAMPLE_DATA,TPCH_SF10000,LINEITEM,L_RETURNFLAG,VARCHAR(1)
SNOWFLAKE_SAMPLE_DATA,TPCH_SF10000,LINEITEM,L_LINESTATUS,VARCHAR(1)
SNOWFLAKE_SAMPLE_DATA,TPCH_SF10000,LINEITEM,L_SHIPDATE,DATE
SNOWFLAKE_SAMPLE_DATA,TPCH_SF10000,LINEITEM,L_COMMITDATE,DATE
SNOWFLAKE_SAMPLE_DATA,TPCH_SF10000,LINEITEM,L_RECEIPTDATE,DATE
SNOWFLAKE_SAMPLE_DATA,TPCH_SF10000,LINEITEM,L_SHIPINSTRUCT,VARCHAR(25)
SNOWFLAKE_SAMPLE_DATA,TPCH_SF10000,LINEITEM,L_SHIPMODE,VARCHAR(10)
SNOWFLAKE_SAMPLE_DATA,TPCH_SF10000,LINEITEM,L_COMMENT,VARCHAR(44)
SNOWFLAKE_SAMPLE_DATA,TPCH_SF10000,NATION,N_NATIONKEY,NUMBER(38,0)
SNOWFLAKE_SAMPLE_DATA,TPCH_SF10000,NATION,N_NAME,VARCHAR(25)
SNOWFLAKE_SAMPLE_DATA,TPCH_SF10000,NATION,N_REGIONKEY,NUMBER(38,0)
SNOWFLAKE_SAMPLE_DATA,TPCH_SF10000,NATION,N_COMMENT,VARCHAR(152)
SNOWFLAKE_SAMPLE_DATA,TPCH_SF10000,ORDERS,O_ORDERKEY,NUMBER(38,0)
SNOWFLAKE_SAMPLE_DATA,TPCH_SF10000,ORDERS,O_CUSTKEY,NUMBER(38,0)
SNOWFLAKE_SAMPLE_DATA,TPCH_SF10000,ORDERS,O_ORDERSTATUS,VARCHAR(1)
SNOWFLAKE_SAMPLE_DATA,TPCH_SF10000,ORDERS,O_TOTALPRICE,NUMBER(12,2)
SNOWFLAKE_SAMPLE_DATA,TPCH_SF10000,ORDERS,O_ORDERDATE,DATE
SNOWFLAKE_SAMPLE_DATA,TPCH_SF10000,ORDERS,O_ORDERPRIORITY,VARCHAR(15)
SNOWFLAKE_SAMPLE_DATA,TPCH_SF10000,ORDERS,O_CLERK,VARCHAR(15)
SNOWFLAKE_SAMPLE_DATA,TPCH_SF10000,ORDERS,O_SHIPPRIORITY,NUMBER(38,0)
SNOWFLAKE_SAMPLE_DATA,TPCH_SF10000,ORDERS,O_COMMENT,VARCHAR(79)
SNOWFLAKE_SAMPLE_DATA,TPCH_SF10000,PART,P_PARTKEY,NUMBER(38,0)
SNOWFLAKE_SAMPLE_DATA,TPCH_SF10000,PART,P_NAME,VARCHAR(55)
SNOWFLAKE_SAMPLE_DATA,TPCH_SF10000,PART,P_MFGR,VARCHAR(25)
SNOWFLAKE_SAMPLE_DATA,TPCH_SF10000,PART,P_BRAND,VARCHAR(10)
SNOWFLAKE_SAMPLE_DATA,TPCH_SF10000,PART,P_TYPE,VARCHAR(25)
SNOWFLAKE_SAMPLE_DATA,TPCH_SF10000,PART,P_SIZE,NUMBER(38,0)
SNOWFLAKE_SAMPLE_DATA,TPCH_SF10000,PART,P_CONTAINER,VARCHAR(10)
SNOWFLAKE_SAMPLE_DATA,TPCH_SF10000,PART,P_RETAILPRICE,NUMBER(12,2)
SNOWFLAKE_SAMPLE_DATA,TPCH_SF10000,PART,P_COMMENT,VARCHAR(23)
SNOWFLAKE_SAMPLE_DATA,TPCH_SF10000,PARTSUPP,PS_PARTKEY,NUMBER(38,0)
SNOWFLAKE_SAMPLE_DATA,TPCH_SF10000,PARTSUPP,PS_SUPPKEY,NUMBER(38,0)
SNOWFLAKE_SAMPLE_DATA,TPCH_SF10000,PARTSUPP,PS_AVAILQTY,NUMBER(38,0)
SNOWFLAKE_SAMPLE_DATA,TPCH_SF10000,PARTSUPP,PS_SUPPLYCOST,NUMBER(12,2)
SNOWFLAKE_SAMPLE_DATA,TPCH_SF10000,PARTSUPP,PS_COMMENT,VARCHAR(199)
SNOWFLAKE_SAMPLE_DATA,TPCH_SF10000,REGION,R_REGIONKEY,NUMBER(38,0)
SNOWFLAKE_SAMPLE_DATA,TPCH_SF10000,REGION,R_NAME,VARCHAR(25)
SNOWFLAKE_SAMPLE_DATA,TPCH_SF10000,REGION,R_COMMENT,VARCHAR(152)
SNOWFLAKE_SAMPLE_DATA,TPCH_SF10000,SUPPLIER,S_SUPPKEY,NUMBER(38,0)
SNOWFLAKE_SAMPLE_DATA,TPCH_SF10000,SUPPLIER,S_NAME,VARCHAR(25)
SNOWFLAKE_SAMPLE_DATA,TPCH_SF10000,SUPPLIER,S_ADDRESS,VARCHAR(40)
SNOWFLAKE_SAMPLE_DATA,TPCH_SF10000,SUPPLIER,S_NATIONKEY,NUMBER(38,0)
SNOWFLAKE_SAMPLE_DATA,TPCH_SF10000,SUPPLIER,S_PHONE,VARCHAR(15)
SNOWFLAKE_SAMPLE_DATA,TPCH_SF10000,SUPPLIER,S_ACCTBAL,NUMBER(12,2)
SNOWFLAKE_SAMPLE_DATA,TPCH_SF10000,SUPPLIER,S_COMMENT,VARCHAR(101)
